,abstract,web_url,snippet,lead_paragraph,source,multimedia,keywords,pub_date,document_type,news_desk,section_name,type_of_material,_id,word_count,uri,headline_main,headline_kicker,headline_content_kicker,headline_print_headline,headline_name,headline_seo,headline_sub,byline_original,byline_person,byline_organization,subsection_name
0,"U.S. health officials said on Thursday two more deaths occurred since last week from a mysterious respiratory illness tied to vaping, taking the total toll to 54.",https://www.nytimes.com/reuters/2019/12/19/us/19reuters-usa-vaping-cdc.html,"U.S. health officials said on Thursday two more deaths occurred since last week from a mysterious respiratory illness tied to vaping, taking the total toll to 54.","(Reuters) - U.S. health officials said on Thursday two more deaths occurred since last week from a mysterious respiratory illness tied to vaping, taking the total toll to 54.",Reuters,[],[],2019-12-19T23:19:19+0000,article,None,U.S.,News,nyt://article/33fd9b18-4d5a-5b34-a3ca-97d70df3d965,162,nyt://article/33fd9b18-4d5a-5b34-a3ca-97d70df3d965,"U.S. Vaping-Related Deaths Rise to 54, Hospitalizations to 2,506",,,"U.S. Vaping-Related Deaths Rise to 54, Hospitalizations to 2,506",,,,By Reuters,[],Reuters,
1,"Five people were being treated for injuries after a shooting incident in central Moscow on Thursday evening near the FSB security services headquarters, Interfax news agency cited the health ministry as saying. ",https://www.nytimes.com/reuters/2019/12/19/world/europe/19reuters-russia-shooting-wounded.html,"Five people were being treated for injuries after a shooting incident in central Moscow on Thursday evening near the FSB security services headquarters, Interfax news agency cited the health ministry as saying. ","MOSCOW — Five people were being treated for injuries after a shooting incident in central Moscow on Thursday evening near the FSB security services headquarters, Interfax news agency cited the health ministry as saying. ",Reuters,[],[],2019-12-19T23:19:16+0000,article,None,World,News,nyt://article/b4433142-d06d-5351-b66f-976723869afd,69,nyt://article/b4433142-d06d-5351-b66f-976723869afd,"Five Wounded in Moscow Shooting, Receiving Treatment: Interfax Cites Health Ministry",,,"Five Wounded in Moscow Shooting, Receiving Treatment: Interfax Cites Health Ministry",,,,By Reuters,[],Reuters,Europe
2,Lebanon's newly-named prime minister vowed on Thursday to form a government quickly that works to pull the country out of economic crisis and reassures people who have protested against the political class for two months. ,https://www.nytimes.com/reuters/2019/12/19/world/middleeast/19reuters-lebanon-protests.html,Lebanon's newly-named prime minister vowed on Thursday to form a government quickly that works to pull the country out of economic crisis and reassures people who have protested against the political class for two months. ,BEIRUT — Lebanon's newly-named prime minister vowed on Thursday to form a government quickly that works to pull the country out of economic crisis and reassures people who have protested against the political class for two months. ,Reuters,[],[],2019-12-19T23:19:15+0000,article,None,World,News,nyt://article/8deba316-6998-5e17-b88b-62ece23b5715,84,nyt://article/8deba316-6998-5e17-b88b-62ece23b5715,Lebanon's New PM Diab Vows to Form Government Quickly,,,Lebanon's New PM Diab Vows to Form Government Quickly,,,,By Reuters,[],Reuters,Middle East
3,"More than 99% of U.S. President Donald Trump's television ads have focused on impeachment this year, according to an analysis that shows how central the topic has become for his re-election campaign.",https://www.nytimes.com/reuters/2019/12/19/us/19reuters-usa-election-impeachment.html,"More than 99% of U.S. President Donald Trump's television ads have focused on impeachment this year, according to an analysis that shows how central the topic has become for his re-election campaign.","WASHINGTON — More than 99% of U.S. President Donald Trump's television ads have focused on impeachment this year, according to an analysis that shows how central the topic has become for his re-election campaign.",Reuters,[],[],2019-12-19T23:19:13+0000,article,None,U.S.,News,nyt://article/3213a37a-1ba6-5f5a-b96b-a2d0b8815c45,319,nyt://article/3213a37a-1ba6-5f5a-b96b-a2d0b8815c45,Almost All of Trump's TV Campaign Ads Discuss Impeachment: Report,,,Almost All of Trump's TV Campaign Ads Discuss Impeachment: Report,,,,By Reuters,[],Reuters,
4,"The United States said new evidence and analysis of weapons debris recovered from an attack on Saudi oil facilities on Sept. 14 indicates the strike likely came from the north, reinforcing its earlier assessment that Iran was behind the offensive.",https://www.nytimes.com/reuters/2019/12/19/world/middleeast/19reuters-saudi-aramco-attacks-iran-exclusive.html,"The United States said new evidence and analysis of weapons debris recovered from an attack on Saudi oil facilities on Sept. 14 indicates the strike likely came from the north, reinforcing its earlier assessment that Iran was behind the offensive.","WASHINGTON — The United States said new evidence and analysis of weapons debris recovered from an attack on Saudi oil facilities on Sept. 14 indicates the strike likely came from the north, reinforcing its earlier assessment that Iran was behind the offensive.",Reuters,[],[],2019-12-19T23:19:09+0000,article,None,World,News,nyt://article/83d40e35-89c1-5f2b-8467-53f85137654f,923,nyt://article/83d40e35-89c1-5f2b-8467-53f85137654f,Exclusive: U.S. Probe of Saudi Oil Attack Shows It Came From North-Report,,,Exclusive: U.S. Probe of Saudi Oil Attack Shows It Came From North-Report,,,,By Reuters,[],Reuters,Middle East
5,Here’s what you need to know at the end of the day.,https://www.nytimes.com/2019/12/19/briefing/nancy-pelosi-samoa-falcon-hospital.html,Here’s what you need to know at the end of the day.,(Want to get this briefing by email? Here’s the sign-up.) ,The New York Times,"[{'rank': 0, 'subtype': 'xlarge', 'caption': None, 'credit': None, 'type': 'image', 'url': 'images/2019/12/19/briefing/c19PMbriefing-us-ss-promo/19PMbriefing-us-ss-slide-0V7J-articleLarge.jpg', 'height': 400, 'width': 600, 'legacy': {'xlarge': 'images/2019/12/19/briefing/c19PMbriefing-us-ss-promo/19PMbriefing-us-ss-slide-0V7J-articleLarge.jpg', 'xlargewidth': 600, 'xlargeheight': 400}, 'subType': 'xlarge', 'crop_name': 'articleLarge'}, {'rank': 0, 'subtype': 'popup', 'caption': None, 'credit': None, 'type': 'image', 'url': 'images/2019/12/19/briefing/c19PMbriefing-us-ss-promo/19PMbriefing-us-ss-slide-0V7J-popup.jpg', 'height': 433, 'width': 650, 'legacy': {}, 'subType': 'popup', 'crop_name': 'popup'}, {'rank': 0, 'subtype': 'blog480', 'caption': None, 'credit': None, 'type': 'image', 'url': 'images/2019/12/19/briefing/c19PMbriefing-us-ss-promo/19PMbriefing-us-ss-slide-0V7J-blog480.jpg', 'height': 320, 'width': 480, 'legacy': {}, 'subType': 'blog480', 'crop_name': 'blog480'}, {'rank': 0, 'subtype': 'blog533', 'caption': None, 'credit': None, 'type': 'image', 'url': 'images/2019/12/19/briefing/c19PMbriefing-us-ss-promo/19PMbriefing-us-ss-slide-0V7J-blog533.jpg', 'height': 355, 'width': 533, 'legacy': {}, 'subType': 'blog533', 'crop_name': 'blog533'}, {'rank': 0, 'subtype': 'blog427', 'caption': None, 'credit': None, 'type': 'image', 'url': 'images/2019/12/19/briefing/c19PMbriefing-us-ss-promo/19PMbriefing-us-ss-slide-0V7J-blog427.jpg', 'height': 285, 'width': 427, 'legacy': {}, 'subType': 'blog427', 'crop_name': 'blog427'}, {'rank': 0, 'subtype': 'tmagSF', 'caption': None, 'credit': None, 'type': 'image', 'url': 'images/2019/12/19/briefing/c19PMbriefing-us-ss-promo/19PMbriefing-us-ss-slide-0V7J-tmagSF.jpg', 'height': 241, 'width': 362, 'legacy': {}, 'subType': 'tmagSF', 'crop_name': 'tmagSF'}, {'rank': 0, 'subtype': 'tmagArticle', 'caption': None, 'credit': None, 'type': 'image', 'url': 'images/2019/12/19/briefing/c19PMbriefing-us-ss-promo/19PMbriefing-us-ss-slide-0V7J-tmagArticle.jpg', 'height': 395, 'width': 592, 'legacy': {}, 'subType': 'tmagArticle', 'crop_name': 'tmagArticle'}, {'rank': 0, 'subtype': 'slide', 'caption': None, 'credit': None, 'type': 'image', 'url': 'images/2019/12/19/briefing/c19PMbriefing-us-ss-promo/19PMbriefing-us-ss-slide-0V7J-slide.jpg', 'height': 400, 'width': 600, 'legacy': {}, 'subType': 'slide', 'crop_name': 'slide'}, {'rank': 0, 'subtype': 'jumbo', 'caption': None, 'credit': None, 'type': 'image', 'url': 'images/2019/12/19/briefing/c19PMbriefing-us-ss-promo/c19PMbriefing-us-ss-promo-jumbo-v2.jpg', 'height': 188, 'width': 624, 'legacy': {}, 'subType': 'jumbo', 'crop_name': 'jumbo'}, {'rank': 0, 'subtype': 'superJumbo', 'caption': None, 'credit': None, 'type': 'image', 'url': 'images/2019/12/19/briefing/c19PMbriefing-us-ss-promo/c19PMbriefing-us-ss-promo-superJumbo-v2.jpg', 'height': 188, 'width': 624, 'legacy': {}, 'subType': 'superJumbo', 'crop_name': 'superJumbo'}, {'rank': 0, 'subtype': 'blog225', 'caption': None, 'credit': None, 'type': 'image', 'url': 'images/2019/12/19/briefing/c19PMbriefing-us-ss-promo/19PMbriefing-us-ss-slide-0V7J-blog225.jpg', 'height': 150, 'width': 225, 'legacy': {}, 'subType': 'blog225', 'crop_name': 'blog225'}, {'rank': 0, 'subtype': 'master1050', 'caption': None, 'credit': None, 'type': 'image', 'url': 'images/2019/12/19/briefing/c19PMbriefing-us-ss-promo/19PMbriefing-us-ss-slide-0V7J-master1050.jpg', 'height': 700, 'width': 1050, 'legacy': {}, 'subType': 'master1050', 'crop_name': 'master1050'}, {'rank': 0, 'subtype': 'master675', 'caption': None, 'credit': None, 'type': 'image', 'url': 'images/2019/12/19/briefing/c19PMbriefing-us-ss-promo/19PMbriefing-us-ss-slide-0V7J-master675.jpg', 'height': 450, 'width': 675, 'legacy': {}, 'subType': 'master675', 'crop_name': 'master675'}, {'rank': 0, 'subtype': 'master495', 'caption': None, 'credit': None, 'type': 'image', 'url': 'images/2019/12/19/briefing/c19PMbriefing-us-ss-promo/19PMbriefing-us-ss-slide-0V7J-master495.jpg', 'height': 330, 'width': 495, 'legacy': {}, 'subType': 'master495', 'crop_name': 'master495'}, {'rank': 0, 'subtype': 'master180', 'caption': None, 'credit': None, 'type': 'image', 'url': 'images/2019/12/19/briefing/c19PMbriefing-us-ss-promo/19PMbriefing-us-ss-slide-0V7J-master180.jpg', 'height': 120, 'width': 180, 'legacy': {}, 'subType': 'master180', 'crop_name': 'master180'}, {'rank': 0, 'subtype': 'master315', 'caption': None, 'credit': None, 'type': 'image', 'url': 'images/2019/12/19/briefing/c19PMbriefing-us-ss-promo/19PMbriefing-us-ss-slide-0V7J-master315.jpg', 'height': 210, 'width': 315, 'legacy': {}, 'subType': 'master315', 'crop_name': 'master315'}, {'rank': 0, 'subtype': 'master768', 'caption': None, 'credit': None, 'type': 'image', 'url': 'images/2019/12/19/briefing/c19PMbriefing-us-ss-promo/19PMbriefing-us-ss-slide-0V7J-master768.jpg', 'height': 512, 'width': 768, 'legacy': {}, 'subType': 'master768', 'crop_name': 'master768'}, {'rank': 0, 'subtype': 'thumbnail', 'caption': None, 'credit': None, 'type': 'image', 'url': 'images/2019/12/19/briefing/c19PMbriefing-us-ss-promo/19PMbriefing-us-ss-slide-0V7J-thumbStandard.jpg', 'height': 75, 'width': 75, 'legacy': {'thumbnail': 'images/2019/12/19/briefing/c19PMbriefing-us-ss-promo/19PMbriefing-us-ss-slide-0V7J-thumbStandard.jpg', 'thumbnailwidth': 75, 'thumbnailheight': 75}, 'subType': 'thumbnail', 'crop_name': 'thumbStandard'}, {'rank': 0, 'subtype': 'blogSmallThumb', 'caption': None, 'credit': None, 'type': 'image', 'url': 'images/2019/12/19/briefing/c19PMbriefing-us-ss-promo/19PMbriefing-us-ss-slide-0V7J-blogSmallThumb.jpg', 'height': 50, 'width': 50, 'legacy': {}, 'subType': 'blogSmallThumb', 'crop_name': 'blogSmallThumb'}, {'rank': 0, 'subtype': 'thumbLarge', 'caption': None, 'credit': None, 'type': 'image', 'url': 'images/2019/12/19/briefing/c19PMbriefing-us-ss-promo/19PMbriefing-us-ss-slide-0V7J-thumbLarge.jpg', 'height': 150, 'width': 150, 'legacy': {}, 'subType': 'thumbLarge', 'crop_name': 'thumbLarge'}, {'rank': 0, 'subtype': 'smallSquare168', 'caption': None, 'credit': None, 'type': 'image', 'url': 'images/2019/12/19/briefing/c19PMbriefing-us-ss-promo/19PMbriefing-us-ss-slide-0V7J-smallSquare168.jpg', 'height': 168, 'width': 168, 'legacy': {}, 'subType': 'smallSquare168', 'crop_name': 'smallSquare168'}, {'rank': 0, 'subtype': 'smallSquare252', 'caption': None, 'credit': None, 'type': 'image', 'url': 'images/2019/12/19/briefing/c19PMbriefing-us-ss-promo/19PMbriefing-us-ss-slide-0V7J-smallSquare252.jpg', 'height': 252, 'width': 252, 'legacy': {}, 'subType': 'smallSquare252', 'crop_name': 'smallSquare252'}, {'rank': 0, 'subtype': 'square320', 'caption': None, 'credit': None, 'type': 'image', 'url': 'images/2019/12/19/briefing/c19PMbriefing-us-ss-promo/19PMbriefing-us-ss-slide-0V7J-square320.jpg', 'height': 320, 'width': 320, 'legacy': {}, 'subType': 'square320', 'crop_name': 'square320'}, {'rank': 0, 'subtype': 'moth', 'caption': None, 'credit': None, 'type': 'image', 'url': 'images/2019/12/19/briefing/c19PMbriefing-us-ss-promo/19PMbriefing-us-ss-slide-0V7J-moth.jpg', 'height': 151, 'width': 151, 'legacy': {}, 'subType': 'moth', 'crop_name': 'moth'}, {'rank': 0, 'subtype': 'filmstrip', 'caption': None, 'credit': None, 'type': 'image', 'url': 'images/2019/12/19/briefing/c19PMbriefing-us-ss-promo/19PMbriefing-us-ss-slide-0V7J-filmstrip.jpg', 'height': 190, 'width': 190, 'legacy': {}, 'subType': 'filmstrip', 'crop_name': 'filmstrip'}, {'rank': 0, 'subtype': 'square640', 'caption': None, 'credit': None, 'type': 'image', 'url': 'images/2019/12/19/briefing/c19PMbriefing-us-ss-promo/c19PMbriefing-us-ss-promo-square640-v2.jpg', 'height': 640, 'width': 640, 'legacy': {}, 'subType': 'square640', 'crop_name': 'square640'}, {'rank': 0, 'subtype': 'mediumSquare149', 'caption': None, 'credit': None, 'type': 'image', 'url': 'images/2019/12/19/briefing/c19PMbriefing-us-ss-promo/19PMbriefing-us-ss-slide-0V7J-mediumSquare149.jpg', 'height': 149, 'width': 149, 'legacy': {}, 'subType': 'mediumSquare149', 'crop_name': 'mediumSquare149'}, {'rank': 0, 'subtype': 'sfSpan', 'caption': None, 'credit': None, 'type': 'image', 'url': 'images/2019/12/19/briefing/c19PMbriefing-us-ss-promo/19PMbriefing-us-ss-slide-0V7J-sfSpan.jpg', 'height': 263, 'width': 395, 'legacy': {}, 'subType': 'sfSpan', 'crop_name': 'sfSpan'}, {'rank': 0, 'subtype': 'largeHorizontal375', 'caption': None, 'credit': None, 'type': 'image', 'url': 'images/2019/12/19/briefing/c19PMbriefing-us-ss-promo/19PMbriefing-us-ss-slide-0V7J-largeHorizontal375.jpg', 'height': 250, 'width': 375, 'legacy': {}, 'subType': 'largeHorizontal375', 'crop_name': 'largeHorizontal375'}, {'rank': 0, 'subtype': 'largeHorizontalJumbo', 'caption': None, 'credit': None, 'type': 'image', 'url': 'images/2019/12/19/briefing/c19PMbriefing-us-ss-promo/c19PMbriefing-us-ss-promo-largeHorizontalJumbo-v2.jpg', 'height': 188, 'width': 624, 'legacy': {}, 'subType': 'largeHorizontalJumbo', 'crop_name': 'largeHorizontalJumbo'}, {'rank': 0, 'subtype': 'horizontalMediumAt2X', 'caption': None, 'credit': None, 'type': 'image', 'url': 'images/2019/12/19/briefing/c19PMbriefing-us-ss-promo/19PMbriefing-us-ss-slide-0V7J-horizontalMediumAt2X.jpg', 'height': 4000, 'width': 6000, 'legacy': {}, 'subType': 'horizontalMediumAt2X', 'crop_name': 'horizontalMediumAt2X'}, {'rank': 0, 'subtype': 'hpLarge', 'caption': None, 'credit': None, 'type': 'image', 'url': 'images/2019/12/19/briefing/c19PMbriefing-us-ss-promo/19PMbriefing-us-ss-slide-0V7J-hpLarge.jpg', 'height': 287, 'width': 511, 'legacy': {}, 'subType': 'hpLarge', 'crop_name': 'hpLarge'}, {'rank': 0, 'subtype': 'largeWidescreen573', 'caption': None, 'credit': None, 'type': 'image', 'url': 'images/2019/12/19/briefing/c19PMbriefing-us-ss-promo/19PMbriefing-us-ss-slide-0V7J-largeWidescreen573.jpg', 'height': 322, 'width': 573, 'legacy': {}, 'subType': 'largeWidescreen573', 'crop_name': 'largeWidescreen573'}, {'rank': 0, 'subtype': 'largeWidescreen1050', 'caption': None, 'credit': None, 'type': 'image', 'url': 'images/2019/12/19/briefing/c19PMbriefing-us-ss-promo/19PMbriefing-us-ss-slide-0V7J-largeWidescreen1050.jpg', 'height': 590, 'width': 1050, 'legacy': {}, 'subType': 'largeWidescreen1050', 'crop_name': 'largeWidescreen1050'}, {'rank': 0, 'subtype': 'wide', 'caption': None, 'credit': None, 'type': 'image', 'url': 'images/2019/12/19/briefing/c19PMbriefing-us-ss-promo/19PMbriefing-us-ss-slide-0V7J-thumbWide.jpg', 'height': 126, 'width': 190, 'legacy': {'widewidth': 190, 'wideheight': 126, 'wide': 'images/2019/12/19/briefing/c19PMbriefing-us-ss-promo/19PMbriefing-us-ss-slide-0V7J-thumbWide.jpg'}, 'subType': 'wide', 'crop_name': 'thumbWide'}, {'rank': 0, 'subtype': 'videoThumb', 'caption': None, 'credit': None, 'type': 'image', 'url': 'images/2019/12/19/briefing/c19PMbriefing-us-ss-promo/19PMbriefing-us-ss-slide-0V7J-videoThumb.jpg', 'height': 50, 'width': 75, 'legacy': {}, 'subType': 'videoThumb', 'crop_name': 'videoThumb'}, {'rank': 0, 'subtype': 'videoLarge', 'caption': None, 'credit': None, 'type': 'image', 'url': 'images/2019/12/19/briefing/c19PMbriefing-us-ss-promo/19PMbriefing-us-ss-slide-0V7J-videoLarge.jpg', 'height': 507, 'width': 768, 'legacy': {}, 'subType': 'videoLarge', 'crop_name': 'videoLarge'}, {'rank': 0, 'subtype': 'mediumThreeByTwo210', 'caption': None, 'credit': None, 'type': 'image', 'url': 'images/2019/12/19/briefing/c19PMbriefing-us-ss-promo/19PMbriefing-us-ss-slide-0V7J-mediumThreeByTwo210.jpg', 'height': 140, 'width': 210, 'legacy': {}, 'subType': 'mediumThreeByTwo210', 'crop_name': 'mediumThreeByTwo210'}, {'rank': 0, 'subtype': 'mediumThreeByTwo225', 'caption': None, 'credit': None, 'type': 'image', 'url': 'images/2019/12/19/briefing/c19PMbriefing-us-ss-promo/19PMbriefing-us-ss-slide-0V7J-mediumThreeByTwo225.jpg', 'height': 150, 'width': 225, 'legacy': {}, 'subType': 'mediumThreeByTwo225', 'crop_name': 'mediumThreeByTwo225'}, {'rank': 0, 'subtype': 'mediumThreeByTwo440', 'caption': None, 'credit': None, 'type': 'image', 'url': 'images/2019/12/19/briefing/c19PMbriefing-us-ss-promo/19PMbriefing-us-ss-slide-0V7J-mediumThreeByTwo440.jpg', 'height': 293, 'width': 440, 'legacy': {}, 'subType': 'mediumThreeByTwo440', 'crop_name': 'mediumThreeByTwo440'}, {'rank': 0, 'subtype': 'mediumThreeByTwo252', 'caption': None, 'credit': None, 'type': 'image', 'url': 'images/2019/12/19/briefing/c19PMbriefing-us-ss-promo/19PMbriefing-us-ss-slide-0V7J-mediumThreeByTwo252.jpg', 'height': 168, 'width': 252, 'legacy': {}, 'subType': 'mediumThreeByTwo252', 'crop_name': 'mediumThreeByTwo252'}, {'rank': 0, 'subtype': 'mediumThreeByTwo378', 'caption': None, 'credit': None, 'type': 'image', 'url': 'images/2019/12/19/briefing/c19PMbriefing-us-ss-promo/19PMbriefing-us-ss-slide-0V7J-mediumThreeByTwo378.jpg', 'height': 252, 'width': 378, 'legacy': {}, 'subType': 'mediumThreeByTwo378', 'crop_name': 'mediumThreeByTwo378'}, {'rank': 0, 'subtype': 'threeByTwoLargeAt2X', 'caption': None, 'credit': None, 'type': 'image', 'url': 'images/2019/12/19/briefing/c19PMbriefing-us-ss-promo/19PMbriefing-us-ss-slide-0V7J-threeByTwoLargeAt2X.jpg', 'height': 4000, 'width': 6000, 'legacy': {}, 'subType': 'threeByTwoLargeAt2X', 'crop_name': 'threeByTwoLargeAt2X'}, {'rank': 0, 'subtype': 'threeByTwoMediumAt2X', 'caption': None, 'credit': None, 'type': 'image', 'url': 'images/2019/12/19/briefing/c19PMbriefing-us-ss-promo/19PMbriefing-us-ss-slide-0V7J-threeByTwoMediumAt2X.jpg', 'height': 1000, 'width': 1500, 'legacy': {}, 'subType': 'threeByTwoMediumAt2X', 'crop_name': 'threeByTwoMediumAt2X'}, {'rank': 0, 'subtype': 'threeByTwoSmallAt2X', 'caption': None, 'credit': None, 'type': 'image', 'url': 'images/2019/12/19/briefing/c19PMbriefing-us-ss-promo/19PMbriefing-us-ss-slide-0V7J-threeByTwoSmallAt2X.jpg', 'height': 400, 'width': 600, 'legacy': {}, 'subType': 'threeByTwoSmallAt2X', 'crop_name': 'threeByTwoSmallAt2X'}, {'rank': 0, 'subtype': 'articleInline', 'caption': None, 'credit': None, 'type': 'image', 'url': 'images/2019/12/19/briefing/c19PMbriefing-us-ss-promo/19PMbriefing-us-ss-slide-0V7J-articleInline.jpg', 'height': 127, 'width': 190, 'legacy': {}, 'subType': 'articleInline', 'crop_name': 'articleInline'}, {'rank': 0, 'subtype': 'hpSmall', 'caption': None, 'credit': None, 'type': 'image', 'url': 'images/2019/12/19/briefing/c19PMbriefing-us-ss-promo/19PMbriefing-us-ss-slide-0V7J-hpSmall.jpg', 'height': 109, 'width': 163, 'legacy': {}, 'subType': 'hpSmall', 'crop_name': 'hpSmall'}, {'rank': 0, 'subtype': 'blogSmallInline', 'caption': None, 'credit': None, 'type': 'image', 'url': 'images/2019/12/19/briefing/c19PMbriefing-us-ss-promo/19PMbriefing-us-ss-slide-0V7J-blogSmallInline.jpg', 'height': 101, 'width': 151, 'legacy': {}, 'subType': 'blogSmallInline', 'crop_name': 'blogSmallInline'}, {'rank': 0, 'subtype': 'mediumFlexible177', 'caption': None, 'credit': None, 'type': 'image', 'url': 'images/2019/12/19/briefing/c19PMbriefing-us-ss-promo/19PMbriefing-us-ss-slide-0V7J-mediumFlexible177.jpg', 'height': 118, 'width': 177, 'legacy': {}, 'subType': 'mediumFlexible177', 'crop_name': 'mediumFlexible177'}, {'rank': 0, 'subtype': 'videoSmall', 'caption': None, 'credit': None, 'type': 'image', 'url': 'images/2019/12/19/briefing/c19PMbriefing-us-ss-promo/19PMbriefing-us-ss-slide-0V7J-videoSmall.jpg', 'height': 281, 'width': 500, 'legacy': {}, 'subType': 'videoSmall', 'crop_name': 'videoSmall'}, {'rank': 0, 'subtype': 'videoHpMedium', 'caption': None, 'credit': None, 'type': 'image', 'url': 'images/2019/12/19/briefing/c19PMbriefing-us-ss-promo/19PMbriefing-us-ss-slide-0V7J-videoHpMedium.jpg', 'height': 211, 'width': 375, 'legacy': {}, 'subType': 'videoHpMedium', 'crop_name': 'videoHpMedium'}, {'rank': 0, 'subtype': 'videoSixteenByNine600', 'caption': None, 'credit': None, 'type': 'image', 'url': 'images/2019/12/19/briefing/c19PMbriefing-us-ss-promo/19PMbriefing-us-ss-slide-0V7J-videoSixteenByNine600.jpg', 'height': 338, 'width': 600, 'legacy': {}, 'subType': 'videoSixteenByNine600', 'crop_name': 'videoSixteenByNine600'}, {'rank': 0, 'subtype': 'videoSixteenByNine540', 'caption': None, 'credit': None, 'type': 'image', 'url': 'images/2019/12/19/briefing/c19PMbriefing-us-ss-promo/19PMbriefing-us-ss-slide-0V7J-videoSixteenByNine540.jpg', 'height': 304, 'width': 540, 'legacy': {}, 'subType': 'videoSixteenByNine540', 'crop_name': 'videoSixteenByNine540'}, {'rank': 0, 'subtype': 'videoSixteenByNine495', 'caption': None, 'credit': None, 'type': 'image', 'url': 'images/2019/12/19/briefing/c19PMbriefing-us-ss-promo/19PMbriefing-us-ss-slide-0V7J-videoSixteenByNine495.jpg', 'height': 278, 'width': 495, 'legacy': {}, 'subType': 'videoSixteenByNine495', 'crop_name': 'videoSixteenByNine495'}, {'rank': 0, 'subtype': 'videoSixteenByNine390', 'caption': None, 'credit': None, 'type': 'image', 'url': 'images/2019/12/19/briefing/c19PMbriefing-us-ss-promo/19PMbriefing-us-ss-slide-0V7J-videoSixteenByNine390.jpg', 'height': 219, 'width': 390, 'legacy': {}, 'subType': 'videoSixteenByNine390', 'crop_name': 'videoSixteenByNine390'}, {'rank': 0, 'subtype': 'videoSixteenByNine1050', 'caption': None, 'credit': None, 'type': 'image', 'url': 'images/2019/12/19/briefing/c19PMbriefing-us-ss-promo/19PMbriefing-us-ss-slide-0V7J-videoSixteenByNine1050.jpg', 'height': 591, 'width': 1050, 'legacy': {}, 'subType': 'videoSixteenByNine1050', 'crop_name': 'videoSixteenByNine1050'}, {'rank': 0, 'subtype': 'videoSixteenByNine480', 'caption': None, 'credit': None, 'type': 'image', 'url': 'images/2019/12/19/briefing/c19PMbriefing-us-ss-promo/19PMbriefing-us-ss-slide-0V7J-videoSixteenByNine480.jpg', 'height': 270, 'width': 480, 'legacy': {}, 'subType': 'videoSixteenByNine480', 'crop_name': 'videoSixteenByNine480'}, {'rank': 0, 'subtype': 'videoSixteenByNine310', 'caption': None, 'credit': None, 'type': 'image', 'url': 'images/2019/12/19/briefing/c19PMbriefing-us-ss-promo/19PMbriefing-us-ss-slide-0V7J-videoSixteenByNine310.jpg', 'height': 174, 'width': 310, 'legacy': {}, 'subType': 'videoSixteenByNine310', 'crop_name': 'videoSixteenByNine310'}, {'rank': 0, 'subtype': 'videoSixteenByNine225', 'caption': None, 'credit': None, 'type': 'image', 'url': 'images/2019/12/19/briefing/c19PMbriefing-us-ss-promo/19PMbriefing-us-ss-slide-0V7J-videoSixteenByNine225.jpg', 'height': 126, 'width': 225, 'legacy': {}, 'subType': 'videoSixteenByNine225', 'crop_name': 'videoSixteenByNine225'}, {'rank': 0, 'subtype': 'videoSixteenByNine96', 'caption': None, 'credit': None, 'type': 'image', 'url': 'images/2019/12/19/briefing/c19PMbriefing-us-ss-promo/19PMbriefing-us-ss-slide-0V7J-videoSixteenByNine96.jpg', 'height': 54, 'width': 96, 'legacy': {}, 'subType': 'videoSixteenByNine96', 'crop_name': 'videoSixteenByNine96'}, {'rank': 0, 'subtype': 'videoSixteenByNine3000', 'caption': None, 'credit': None, 'type': 'image', 'url': 'images/2019/12/19/briefing/c19PMbriefing-us-ss-promo/19PMbriefing-us-ss-slide-0V7J-videoSixteenByNine3000.jpg', 'height': 1687, 'width': 3000, 'legacy': {}, 'subType': 'videoSixteenByNine3000', 'crop_name': 'videoSixteenByNine3000'}, {'rank': 0, 'subtype': 'videoSixteenByNine768', 'caption': None, 'credit': None, 'type': 'image', 'url': 'images/2019/12/19/briefing/c19PMbriefing-us-ss-promo/19PMbriefing-us-ss-slide-0V7J-videoSixteenByNine768.jpg', 'height': 432, 'width': 768, 'legacy': {}, 'subType': 'videoSixteenByNine768', 'crop_name': 'videoSixteenByNine768'}, {'rank': 0, 'subtype': 'videoSixteenByNine150', 'caption': None, 'credit': None, 'type': 'image', 'url': 'images/2019/12/19/briefing/c19PMbriefing-us-ss-promo/19PMbriefing-us-ss-slide-0V7J-videoSixteenByNine150.jpg', 'height': 84, 'width': 150, 'legacy': {}, 'subType': 'videoSixteenByNine150', 'crop_name': 'videoSixteenByNine150'}, {'rank': 0, 'subtype': 'videoSixteenByNineJumbo1600', 'caption': None, 'credit': None, 'type': 'image', 'url': 'images/2019/12/19/briefing/c19PMbriefing-us-ss-promo/19PMbriefing-us-ss-slide-0V7J-videoSixteenByNineJumbo1600.jpg', 'height': 900, 'width': 1600, 'legacy': {}, 'subType': 'videoSixteenByNineJumbo1600', 'crop_name': 'videoSixteenByNineJumbo1600'}, {'rank': 0, 'subtype': 'miniMoth', 'caption': None, 'credit': None, 'type': 'image', 'url': 'images/2019/12/19/briefing/c19PMbriefing-us-ss-promo/19PMbriefing-us-ss-slide-0V7J-miniMoth.jpg', 'height': 70, 'width': 151, 'legacy': {}, 'subType': 'miniMoth', 'crop_name': 'miniMoth'}, {'rank': 0, 'subtype': 'windowsTile336H', 'caption': None, 'credit': None, 'type': 'image', 'url': 'images/2019/12/19/briefing/c19PMbriefing-us-ss-promo/19PMbriefing-us-ss-slide-0V7J-windowsTile336H.jpg', 'height': 336, 'width': 694, 'legacy': {}, 'subType': 'windowsTile336H', 'crop_name': 'windowsTile336H'}, {'rank': 0, 'subtype': 'videoFifteenBySeven1305', 'caption': None, 'credit': None, 'type': 'image', 'url': 'images/2019/12/19/briefing/c19PMbriefing-us-ss-promo/19PMbriefing-us-ss-slide-0V7J-videoFifteenBySeven1305.jpg', 'height': 609, 'width': 1305, 'legacy': {}, 'subType': 'videoFifteenBySeven1305', 'crop_name': 'videoFifteenBySeven1305'}, {'rank': 0, 'subtype': 'videoFifteenBySeven2610', 'caption': None, 'credit': None, 'type': 'image', 'url': 'images/2019/12/19/briefing/c19PMbriefing-us-ss-promo/19PMbriefing-us-ss-slide-0V7J-videoFifteenBySeven2610.jpg', 'height': 1218, 'width': 2610, 'legacy': {}, 'subType': 'videoFifteenBySeven2610', 'crop_name': 'videoFifteenBySeven2610'}, {'rank': 0, 'subtype': 'facebookJumbo', 'caption': None, 'credit': None, 'type': 'image', 'url': 'images/2019/12/19/briefing/c19PMbriefing-us-ss-promo/19PMbriefing-us-ss-slide-0V7J-facebookJumbo.jpg', 'height': 550, 'width': 1050, 'legacy': {}, 'subType': 'facebookJumbo', 'crop_name': 'facebookJumbo'}, {'rank': 0, 'subtype': 'watch308', 'caption': None, 'credit': None, 'type': 'image', 'url': 'images/2019/12/19/briefing/c19PMbriefing-us-ss-promo/19PMbriefing-us-ss-slide-0V7J-watch308.jpg', 'height': 348, 'width': 312, 'legacy': {}, 'subType': 'watch308', 'crop_name': 'watch308'}, {'rank': 0, 'subtype': 'watch268', 'caption': None, 'credit': None, 'type': 'image', 'url': 'images/2019/12/19/briefing/c19PMbriefing-us-ss-promo/19PMbriefing-us-ss-slide-0V7J-watch268.jpg', 'height': 303, 'width': 272, 'legacy': {}, 'subType': 'watch268', 'crop_name': 'watch268'}, {'rank': 0, 'subtype': 'verticalTwoByThree735', 'caption': None, 'credit': None, 'type': 'image', 'url': 'images/2019/12/19/briefing/c19PMbriefing-us-ss-promo/19PMbriefing-us-ss-slide-0V7J-verticalTwoByThree735.jpg', 'height': 1103, 'width': 735, 'legacy': {}, 'subType': 'verticalTwoByThree735', 'crop_name': 'verticalTwoByThree735'}, {'rank': 0, 'subtype': 'mobileMasterAt3x', 'caption': None, 'credit': None, 'type': 'image', 'url': 'images/2019/12/19/briefing/c19PMbriefing-us-ss-promo/19PMbriefing-us-ss-slide-0V7J-mobileMasterAt3x.jpg', 'height': 1200, 'width': 1800, 'legacy': {}, 'subType': 'mobileMasterAt3x', 'crop_name': 'mobileMasterAt3x'}]",[],2019-12-19T23:19:00+0000,article,NYTNow,Briefing,briefing,nyt://article/e6974670-2323-5275-8ca2-987389a5555f,1179,nyt://article/e6974670-2323-5275-8ca2-987389a5555f,"Nancy Pelosi, Samoa, Falcon Hospital: Your Thursday Evening Briefing",,,,,,,By Remy Tumin and Marcus Payadue,"[{'firstname': 'Remy', 'middlename': None, 'lastname': 'Tumin', 'qualifier': None, 'title': None, 'role': 'reported', 'organization': '', 'rank': 1}, {'firstname': 'Marcus', 'middlename': None, 'lastname': 'Payadue', 'qualifier': None, 'title': None, 'role': 'reported', 'organization': '', 'rank': 2}]",,
6,Three students were hurt Thursday afternoon when their bus collided with a train in North Dakota. ,https://www.nytimes.com/aponline/2019/12/19/us/ap-us-school-bus-train-collision.html,Three students were hurt Thursday afternoon when their bus collided with a train in North Dakota. ,"LIDGERWOOD, N.D. — Three students were hurt Thursday afternoon when their bus collided with a train in North Dakota. ",AP,[],[],2019-12-19T23:18:34+0000,article,None,U.S.,News,nyt://article/65745a69-358e-500d-a292-5d8f6ca07502,59,nyt://article/65745a69-358e-500d-a292-5d8f6ca07502,3 Students Hurt in School Bus-Train Crash in North Dakota,,,3 Students Hurt in School Bus-Train Crash in North Dakota,,,,By The Associated Press,[],The Associated Press,
7,The Wawa convenience store chain says a data breach may have collected debit and credit card information from thousands of customers. ,https://www.nytimes.com/aponline/2019/12/19/business/ap-wawa-data-breach.html,The Wawa convenience store chain says a data breach may have collected debit and credit card information from thousands of customers. ,"WAWA, Pa. — The Wawa convenience store chain says a data breach may have collected debit and credit card information from thousands of customers. ",AP,[],[],2019-12-19T23:18:30+0000,article,None,Business Day,News,nyt://article/9e31fe0b-b8a7-5704-a918-832cbea41a5c,170,nyt://article/9e31fe0b-b8a7-5704-a918-832cbea41a5c,Wawa Says Data Breach Affected Thousands Over 10 Months,,,Wawa Says Data Breach Affected Thousands Over 10 Months,,,,By The Associated Press,[],The Associated Press,
8,"President Donald Trump announced on Thursday that a Democratic U.S. lawmaker who opposed his party's move to impeach the Republican president was switching parties, a day after the House of Representatives approved articles of impeachment.",https://www.nytimes.com/reuters/2019/12/19/us/19reuters-usa-trump-impeachment-vandrew.html,"President Donald Trump announced on Thursday that a Democratic U.S. lawmaker who opposed his party's move to impeach the Republican president was switching parties, a day after the House of Representatives approved articles of impeachment.","WASHINGTON — President Donald Trump announced on Thursday that a Democratic U.S. lawmaker who opposed his party's move to impeach the Republican president was switching parties, a day after the House of Representatives approved articles of impeachment.",Reuters,[],[],2019-12-19T23:16:06+0000,article,None,U.S.,News,nyt://article/32e73376-feb9-556c-bfb1-475c527b02c5,400,nyt://article/32e73376-feb9-556c-bfb1-475c527b02c5,Trump Announces Democrat Van Drew Switching to Republican Party,,,Trump Announces Democrat Van Drew Switching to Republican Party,,,,By Reuters,[],Reuters,
9,"Peru's President Martin Vizcarra said he will seek to strengthen labor laws to take more ""concrete action"" against companies involved in workplace accidents after two teenaged employees died in a McDonald's Corp franchise at the weekend.",https://www.nytimes.com/reuters/2019/12/19/world/americas/19reuters-peru-mcdonalds.html,"Peru's President Martin Vizcarra said he will seek to strengthen labor laws to take more ""concrete action"" against companies involved in workplace accidents after two teenaged employees died in a McDonald's Corp franchise at the weekend.","Lima (Reuters) - Peru's President Martin Vizcarra said he will seek to strengthen labor laws to take more ""concrete action"" against companies involved in workplace accidents after two teenaged employees died in a McDonald's Corp franchise at the weekend.",Reuters,[],[],2019-12-19T23:16:04+0000,article,None,World,News,nyt://article/57713914-808a-58a9-8cbe-9f11dcbae4e8,243,nyt://article/57713914-808a-58a9-8cbe-9f11dcbae4e8,Peru President Vows Tougher Sanctions for Labor Accidents After McDonald's Deaths,,,Peru President Vows Tougher Sanctions for Labor Accidents After McDonald's Deaths,,,,By Reuters,[],Reuters,Americas
