,abstract,web_url,snippet,lead_paragraph,source,multimedia,keywords,pub_date,document_type,news_desk,section_name,subsection_name,type_of_material,_id,word_count,uri,headline_main,headline_kicker,headline_content_kicker,headline_print_headline,headline_name,headline_seo,headline_sub,byline_original,byline_person,byline_organization,print_section,print_page
0,"A proposed anti-infiltration bill in Taiwan which the government says is needed to combat Chinese influence is spreading alarm amongst the Taiwanese business community in China, the Chinese government said on Wednesday.",https://www.nytimes.com/reuters/2019/12/11/world/asia/11reuters-china-taiwan.html,"A proposed anti-infiltration bill in Taiwan which the government says is needed to combat Chinese influence is spreading alarm amongst the Taiwanese business community in China, the Chinese government said on Wednesday.","BEIJING — A proposed anti-infiltration bill in Taiwan which the government says is needed to combat Chinese influence is spreading alarm amongst the Taiwanese business community in China, the Chinese government said on Wednesday.",Reuters,[],[],2019-12-11T09:58:27+0000,article,None,World,Asia Pacific,News,nyt://article/52a4d98b-cca8-5c56-9599-f49bd2721742,426,nyt://article/52a4d98b-cca8-5c56-9599-f49bd2721742,China Says Taiwan Anti-Infiltration Bill Causes 'Alarm' for Investors,,,China Says Taiwan Anti-Infiltration Bill Causes 'Alarm' for Investors,,,,By Reuters,[],Reuters,,
1,Foreign experts said they had quit advising a Hong Kong police watchdog on Wednesday due to doubts over its independence and ability to conduct an investigation into police conduct during months of anti-government protests.,https://www.nytimes.com/reuters/2019/12/11/world/asia/11reuters-hongkong-protests.html,Foreign experts said they had quit advising a Hong Kong police watchdog on Wednesday due to doubts over its independence and ability to conduct an investigation into police conduct during months of anti-government protests.,HONG KONG — Foreign experts said they had quit advising a Hong Kong police watchdog on Wednesday due to doubts over its independence and ability to conduct an investigation into police conduct during months of anti-government protests.,Reuters,[],[],2019-12-11T09:58:15+0000,article,None,World,Asia Pacific,News,nyt://article/0f81701b-0013-59a5-9dec-1fde205068a0,453,nyt://article/0f81701b-0013-59a5-9dec-1fde205068a0,Foreign Experts Quit Hong Kong Police Probe Questioning Its Independence,,,Foreign Experts Quit Hong Kong Police Probe Questioning Its Independence,,,,By Reuters,[],Reuters,,
2,"Environmentalist Greens failed to win a seat in the Swiss federal government on Wednesday, unable to persuade parliament to oust a sitting minister and make room for an upstart party that made record gains in October elections.",https://www.nytimes.com/reuters/2019/12/11/world/europe/11reuters-swiss-politics.html,"Environmentalist Greens failed to win a seat in the Swiss federal government on Wednesday, unable to persuade parliament to oust a sitting minister and make room for an upstart party that made record gains in October elections.","ZURICH — Environmentalist Greens failed to win a seat in the Swiss federal government on Wednesday, unable to persuade parliament to oust a sitting minister and make room for an upstart party that made record gains in October elections.",Reuters,[],[],2019-12-11T09:55:10+0000,article,None,World,Europe,News,nyt://article/67ace93e-f97b-5b70-b0cc-0da2b4f5d830,371,nyt://article/67ace93e-f97b-5b70-b0cc-0da2b4f5d830,Swiss Greens Fall Short in Bid for First Cabinet Seat,,,Swiss Greens Fall Short in Bid for First Cabinet Seat,,,,By Reuters,[],Reuters,,
3,"Britain’s election has been like the country’s late-autumn weather: chilly and dull, with blustery outbursts.",https://www.nytimes.com/aponline/2019/12/11/business/bc-eu-britain-brexit-election.html,"Britain’s election has been like the country’s late-autumn weather: chilly and dull, with blustery outbursts.","LONDON — Britain’s election has been like the country’s late-autumn weather: chilly and dull, with blustery outbursts.",AP,[],[],2019-12-11T09:39:29+0000,article,None,Business Day,,News,nyt://article/d320b3a7-d3f4-5906-ae7a-8dfc264ebe01,1066,nyt://article/d320b3a7-d3f4-5906-ae7a-8dfc264ebe01,Leaders Scramble for Final Votes as UK's Ugly Election Ends,,,Leaders Scramble for Final Votes as UK's Ugly Election Ends,,,,By The Associated Press,[],The Associated Press,,
4,"Thailand's Election Commission ruled Wednesday that a popular opposition party broke the law by accepting an illegal loan from its head, a decision that could lead to its dissolution and unsettle the country's politics.",https://www.nytimes.com/aponline/2019/12/11/world/asia/ap-as-thailand-politics.html,"Thailand's Election Commission ruled Wednesday that a popular opposition party broke the law by accepting an illegal loan from its head, a decision that could lead to its dissolution and unsettle the country's politics.","BANGKOK — Thailand's Election Commission ruled Wednesday that a popular opposition party broke the law by accepting an illegal loan from its head, a decision that could lead to its dissolution and unsettle the country's politics.",AP,[],[],2019-12-11T09:36:33+0000,article,None,World,Asia Pacific,News,nyt://article/1302c3e9-a194-5de1-bbab-b18edef9ac9f,592,nyt://article/1302c3e9-a194-5de1-bbab-b18edef9ac9f,Thai Election Body Rules Loan to Opposition Party Illegal,,,Thai Election Body Rules Loan to Opposition Party Illegal,,,,By The Associated Press,[],The Associated Press,,
5,"France's prime minister said Wednesday that the full retirement age will be increased for the country's youngest, but offered concessions in an ill-fated effort to calm a nationwide protest against pension reforms that critics say will erode the nation's way of life.",https://www.nytimes.com/aponline/2019/12/11/business/bc-eu-france-strikes.html,"France's prime minister said Wednesday that the full retirement age will be increased for the country's youngest, but offered concessions in an ill-fated effort to calm a nationwide protest against pension reforms that critics say will erode the n...","PARIS — France's prime minister said Wednesday that the full retirement age will be increased for the country's youngest, but offered concessions in an ill-fated effort to calm a nationwide protest against pension reforms that critics say will erode the nation's way of life.",AP,[],[],2019-12-11T09:27:27+0000,article,None,Business Day,,News,nyt://article/7c0fd07d-700c-5d4f-9070-8a62bbdc422f,704,nyt://article/7c0fd07d-700c-5d4f-9070-8a62bbdc422f,French Government Raises Retirement Age as Strikes Grind On,,,French Government Raises Retirement Age as Strikes Grind On,,,,By The Associated Press,[],The Associated Press,,
6,"Cambodian Prime Minister Hun Sen on Wednesday dismissed a threat from the European Union (EU) to halt special trade privileges with the Southeast Asian country over human rights, saying Britain's exit from the bloc will ease the pain of sanctions.",https://www.nytimes.com/reuters/2019/12/11/world/asia/11reuters-cambodia-eu.html,"Cambodian Prime Minister Hun Sen on Wednesday dismissed a threat from the European Union (EU) to halt special trade privileges with the Southeast Asian country over human rights, saying Britain's exit from the bloc will ease the pain of sanctions.","PHNOM PENH — Cambodian Prime Minister Hun Sen on Wednesday dismissed a threat from the European Union (EU) to halt special trade privileges with the Southeast Asian country over human rights, saying Britain's exit from the bloc will ease the pain of sanctions.",Reuters,[],[],2019-12-11T09:04:14+0000,article,None,World,Asia Pacific,News,nyt://article/d5f5b9b6-ac2c-5137-9f44-28a8a5db12cd,317,nyt://article/d5f5b9b6-ac2c-5137-9f44-28a8a5db12cd,"Cambodia PM Dismisses EU Sanctions Threat, Says Brexit Will Limit Impact",,,"Cambodia PM Dismisses EU Sanctions Threat, Says Brexit Will Limit Impact",,,,By Reuters,[],Reuters,,
7,Devastating bushfires that blanketed Australia's largest city with hazardous smoke this week have heightened public anger and raised political pressure on the government to do more to battle climate change.,https://www.nytimes.com/reuters/2019/12/11/world/asia/11reuters-australia-bushfires.html,Devastating bushfires that blanketed Australia's largest city with hazardous smoke this week have heightened public anger and raised political pressure on the government to do more to battle climate change.,SYDNEY — Devastating bushfires that blanketed Australia's largest city with hazardous smoke this week have heightened public anger and raised political pressure on the government to do more to battle climate change.,Reuters,[],[],2019-12-11T09:04:13+0000,article,None,World,Asia Pacific,News,nyt://article/aeb4e3e7-0f60-523b-bb58-7597de8fefd4,527,nyt://article/aeb4e3e7-0f60-523b-bb58-7597de8fefd4,Hazardous Sydney Smoke Turns Up Heat in Australia's Climate Politics,,,Hazardous Sydney Smoke Turns Up Heat in Australia's Climate Politics,,,,By Reuters,[],Reuters,,
8,"A Pakistani court ordered on Wednesday that ailing former President Asif Ali Zardari be released on bail on medical grounds, so that he can seek medical treatment at a hospital of his choice in the country.",https://www.nytimes.com/aponline/2019/12/11/world/asia/ap-as-pakistan-politics.html,"A Pakistani court ordered on Wednesday that ailing former President Asif Ali Zardari be released on bail on medical grounds, so that he can seek medical treatment at a hospital of his choice in the country.","ISLAMABAD — A Pakistani court ordered on Wednesday that ailing former President Asif Ali Zardari be released on bail on medical grounds, so that he can seek medical treatment at a hospital of his choice in the country.",AP,[],[],2019-12-11T09:00:44+0000,article,None,World,Asia Pacific,News,nyt://article/ab8c9807-3140-512d-8158-9e16e625e1f9,320,nyt://article/ab8c9807-3140-512d-8158-9e16e625e1f9,Pakistan Court Orders Release of Ailing Ex-President Zardari,,,Pakistan Court Orders Release of Ailing Ex-President Zardari,,,,By The Associated Press,[],The Associated Press,,
9,The nearly unanimous results in the Pacific islands chain exceeded expectations and could both accelerate independence and complicate relations across the region.,https://www.nytimes.com/2019/12/11/world/asia/bougainville-independence-papua-new-guinea.html,The nearly unanimous results in the Pacific islands chain exceeded expectations and could both accelerate independence and complicate relations across the region.,"SYDNEY, Australia — The region of Bougainville, a collection of islands in the South Pacific, has voted overwhelmingly to become independent from Papua New Guinea, aiming to become the world’s newest nation.",The New York Times,"[{'rank': 0, 'subtype': 'xlarge', 'caption': None, 'credit': None, 'type': 'image', 'url': 'images/2019/12/11/world/11Bougainville-1/merlin_165777243_f14b9d5e-56f2-4708-ba3c-bfd93b5ef030-articleLarge.jpg', 'height': 400, 'width': 600, 'legacy': {'xlarge': 'images/2019/12/11/world/11Bougainville-1/merlin_165777243_f14b9d5e-56f2-4708-ba3c-bfd93b5ef030-articleLarge.jpg', 'xlargewidth': 600, 'xlargeheight': 400}, 'subType': 'xlarge', 'crop_name': 'articleLarge'}, {'rank': 0, 'subtype': 'popup', 'caption': None, 'credit': None, 'type': 'image', 'url': 'images/2019/12/11/world/11Bougainville-1/merlin_165777243_f14b9d5e-56f2-4708-ba3c-bfd93b5ef030-popup.jpg', 'height': 433, 'width': 650, 'legacy': {}, 'subType': 'popup', 'crop_name': 'popup'}, {'rank': 0, 'subtype': 'blog480', 'caption': None, 'credit': None, 'type': 'image', 'url': 'images/2019/12/11/world/11Bougainville-1/merlin_165777243_f14b9d5e-56f2-4708-ba3c-bfd93b5ef030-blog480.jpg', 'height': 320, 'width': 480, 'legacy': {}, 'subType': 'blog480', 'crop_name': 'blog480'}, {'rank': 0, 'subtype': 'blog533', 'caption': None, 'credit': None, 'type': 'image', 'url': 'images/2019/12/11/world/11Bougainville-1/merlin_165777243_f14b9d5e-56f2-4708-ba3c-bfd93b5ef030-blog533.jpg', 'height': 355, 'width': 533, 'legacy': {}, 'subType': 'blog533', 'crop_name': 'blog533'}, {'rank': 0, 'subtype': 'blog427', 'caption': None, 'credit': None, 'type': 'image', 'url': 'images/2019/12/11/world/11Bougainville-1/merlin_165777243_f14b9d5e-56f2-4708-ba3c-bfd93b5ef030-blog427.jpg', 'height': 285, 'width': 427, 'legacy': {}, 'subType': 'blog427', 'crop_name': 'blog427'}, {'rank': 0, 'subtype': 'tmagSF', 'caption': None, 'credit': None, 'type': 'image', 'url': 'images/2019/12/11/world/11Bougainville-1/merlin_165777243_f14b9d5e-56f2-4708-ba3c-bfd93b5ef030-tmagSF.jpg', 'height': 241, 'width': 362, 'legacy': {}, 'subType': 'tmagSF', 'crop_name': 'tmagSF'}, {'rank': 0, 'subtype': 'tmagArticle', 'caption': None, 'credit': None, 'type': 'image', 'url': 'images/2019/12/11/world/11Bougainville-1/merlin_165777243_f14b9d5e-56f2-4708-ba3c-bfd93b5ef030-tmagArticle.jpg', 'height': 395, 'width': 592, 'legacy': {}, 'subType': 'tmagArticle', 'crop_name': 'tmagArticle'}, {'rank': 0, 'subtype': 'slide', 'caption': None, 'credit': None, 'type': 'image', 'url': 'images/2019/12/11/world/11Bougainville-1/merlin_165777243_f14b9d5e-56f2-4708-ba3c-bfd93b5ef030-slide.jpg', 'height': 400, 'width': 600, 'legacy': {}, 'subType': 'slide', 'crop_name': 'slide'}, {'rank': 0, 'subtype': 'jumbo', 'caption': None, 'credit': None, 'type': 'image', 'url': 'images/2019/12/11/world/11Bougainville-1/merlin_165777243_f14b9d5e-56f2-4708-ba3c-bfd93b5ef030-jumbo.jpg', 'height': 683, 'width': 1024, 'legacy': {}, 'subType': 'jumbo', 'crop_name': 'jumbo'}, {'rank': 0, 'subtype': 'superJumbo', 'caption': None, 'credit': None, 'type': 'image', 'url': 'images/2019/12/11/world/11Bougainville-1/merlin_165777243_f14b9d5e-56f2-4708-ba3c-bfd93b5ef030-superJumbo.jpg', 'height': 1365, 'width': 2048, 'legacy': {}, 'subType': 'superJumbo', 'crop_name': 'superJumbo'}, {'rank': 0, 'subtype': 'blog225', 'caption': None, 'credit': None, 'type': 'image', 'url': 'images/2019/12/11/world/11Bougainville-1/merlin_165777243_f14b9d5e-56f2-4708-ba3c-bfd93b5ef030-blog225.jpg', 'height': 150, 'width': 225, 'legacy': {}, 'subType': 'blog225', 'crop_name': 'blog225'}, {'rank': 0, 'subtype': 'master1050', 'caption': None, 'credit': None, 'type': 'image', 'url': 'images/2019/12/11/world/11Bougainville-1/merlin_165777243_f14b9d5e-56f2-4708-ba3c-bfd93b5ef030-master1050.jpg', 'height': 700, 'width': 1050, 'legacy': {}, 'subType': 'master1050', 'crop_name': 'master1050'}, {'rank': 0, 'subtype': 'master675', 'caption': None, 'credit': None, 'type': 'image', 'url': 'images/2019/12/11/world/11Bougainville-1/merlin_165777243_f14b9d5e-56f2-4708-ba3c-bfd93b5ef030-master675.jpg', 'height': 450, 'width': 675, 'legacy': {}, 'subType': 'master675', 'crop_name': 'master675'}, {'rank': 0, 'subtype': 'master495', 'caption': None, 'credit': None, 'type': 'image', 'url': 'images/2019/12/11/world/11Bougainville-1/merlin_165777243_f14b9d5e-56f2-4708-ba3c-bfd93b5ef030-master495.jpg', 'height': 330, 'width': 495, 'legacy': {}, 'subType': 'master495', 'crop_name': 'master495'}, {'rank': 0, 'subtype': 'master180', 'caption': None, 'credit': None, 'type': 'image', 'url': 'images/2019/12/11/world/11Bougainville-1/merlin_165777243_f14b9d5e-56f2-4708-ba3c-bfd93b5ef030-master180.jpg', 'height': 120, 'width': 180, 'legacy': {}, 'subType': 'master180', 'crop_name': 'master180'}, {'rank': 0, 'subtype': 'master315', 'caption': None, 'credit': None, 'type': 'image', 'url': 'images/2019/12/11/world/11Bougainville-1/merlin_165777243_f14b9d5e-56f2-4708-ba3c-bfd93b5ef030-master315.jpg', 'height': 210, 'width': 315, 'legacy': {}, 'subType': 'master315', 'crop_name': 'master315'}, {'rank': 0, 'subtype': 'master768', 'caption': None, 'credit': None, 'type': 'image', 'url': 'images/2019/12/11/world/11Bougainville-1/merlin_165777243_f14b9d5e-56f2-4708-ba3c-bfd93b5ef030-master768.jpg', 'height': 512, 'width': 768, 'legacy': {}, 'subType': 'master768', 'crop_name': 'master768'}, {'rank': 0, 'subtype': 'thumbnail', 'caption': None, 'credit': None, 'type': 'image', 'url': 'images/2019/12/11/world/11Bougainville-1/11Bougainville-1-thumbStandard.jpg', 'height': 75, 'width': 75, 'legacy': {'thumbnail': 'images/2019/12/11/world/11Bougainville-1/11Bougainville-1-thumbStandard.jpg', 'thumbnailwidth': 75, 'thumbnailheight': 75}, 'subType': 'thumbnail', 'crop_name': 'thumbStandard'}, {'rank': 0, 'subtype': 'blogSmallThumb', 'caption': None, 'credit': None, 'type': 'image', 'url': 'images/2019/12/11/world/11Bougainville-1/11Bougainville-1-blogSmallThumb.jpg', 'height': 50, 'width': 50, 'legacy': {}, 'subType': 'blogSmallThumb', 'crop_name': 'blogSmallThumb'}, {'rank': 0, 'subtype': 'thumbLarge', 'caption': None, 'credit': None, 'type': 'image', 'url': 'images/2019/12/11/world/11Bougainville-1/11Bougainville-1-thumbLarge.jpg', 'height': 150, 'width': 150, 'legacy': {}, 'subType': 'thumbLarge', 'crop_name': 'thumbLarge'}, {'rank': 0, 'subtype': 'smallSquare168', 'caption': None, 'credit': None, 'type': 'image', 'url': 'images/2019/12/11/world/11Bougainville-1/11Bougainville-1-smallSquare168.jpg', 'height': 168, 'width': 168, 'legacy': {}, 'subType': 'smallSquare168', 'crop_name': 'smallSquare168'}, {'rank': 0, 'subtype': 'smallSquare252', 'caption': None, 'credit': None, 'type': 'image', 'url': 'images/2019/12/11/world/11Bougainville-1/11Bougainville-1-smallSquare252.jpg', 'height': 252, 'width': 252, 'legacy': {}, 'subType': 'smallSquare252', 'crop_name': 'smallSquare252'}, {'rank': 0, 'subtype': 'square320', 'caption': None, 'credit': None, 'type': 'image', 'url': 'images/2019/12/11/world/11Bougainville-1/11Bougainville-1-square320.jpg', 'height': 320, 'width': 320, 'legacy': {}, 'subType': 'square320', 'crop_name': 'square320'}, {'rank': 0, 'subtype': 'moth', 'caption': None, 'credit': None, 'type': 'image', 'url': 'images/2019/12/11/world/11Bougainville-1/11Bougainville-1-moth.jpg', 'height': 151, 'width': 151, 'legacy': {}, 'subType': 'moth', 'crop_name': 'moth'}, {'rank': 0, 'subtype': 'filmstrip', 'caption': None, 'credit': None, 'type': 'image', 'url': 'images/2019/12/11/world/11Bougainville-1/11Bougainville-1-filmstrip.jpg', 'height': 190, 'width': 190, 'legacy': {}, 'subType': 'filmstrip', 'crop_name': 'filmstrip'}, {'rank': 0, 'subtype': 'square640', 'caption': None, 'credit': None, 'type': 'image', 'url': 'images/2019/12/11/world/11Bougainville-1/11Bougainville-1-square640.jpg', 'height': 640, 'width': 640, 'legacy': {}, 'subType': 'square640', 'crop_name': 'square640'}, {'rank': 0, 'subtype': 'mediumSquare149', 'caption': None, 'credit': None, 'type': 'image', 'url': 'images/2019/12/11/world/11Bougainville-1/11Bougainville-1-mediumSquare149.jpg', 'height': 149, 'width': 149, 'legacy': {}, 'subType': 'mediumSquare149', 'crop_name': 'mediumSquare149'}, {'rank': 0, 'subtype': 'sfSpan', 'caption': None, 'credit': None, 'type': 'image', 'url': 'images/2019/12/11/world/11Bougainville-1/merlin_165777243_f14b9d5e-56f2-4708-ba3c-bfd93b5ef030-sfSpan.jpg', 'height': 263, 'width': 395, 'legacy': {}, 'subType': 'sfSpan', 'crop_name': 'sfSpan'}, {'rank': 0, 'subtype': 'largeHorizontal375', 'caption': None, 'credit': None, 'type': 'image', 'url': 'images/2019/12/11/world/11Bougainville-1/merlin_165777243_f14b9d5e-56f2-4708-ba3c-bfd93b5ef030-largeHorizontal375.jpg', 'height': 250, 'width': 375, 'legacy': {}, 'subType': 'largeHorizontal375', 'crop_name': 'largeHorizontal375'}, {'rank': 0, 'subtype': 'largeHorizontalJumbo', 'caption': None, 'credit': None, 'type': 'image', 'url': 'images/2019/12/11/world/11Bougainville-1/merlin_165777243_f14b9d5e-56f2-4708-ba3c-bfd93b5ef030-largeHorizontalJumbo.jpg', 'height': 683, 'width': 1024, 'legacy': {}, 'subType': 'largeHorizontalJumbo', 'crop_name': 'largeHorizontalJumbo'}, {'rank': 0, 'subtype': 'horizontalMediumAt2X', 'caption': None, 'credit': None, 'type': 'image', 'url': 'images/2019/12/11/world/11Bougainville-1/merlin_165777243_f14b9d5e-56f2-4708-ba3c-bfd93b5ef030-horizontalMediumAt2X.jpg', 'height': 2000, 'width': 3000, 'legacy': {}, 'subType': 'horizontalMediumAt2X', 'crop_name': 'horizontalMediumAt2X'}, {'rank': 0, 'subtype': 'hpLarge', 'caption': None, 'credit': None, 'type': 'image', 'url': 'images/2019/12/11/world/11Bougainville-1/11Bougainville-1-hpLarge.jpg', 'height': 288, 'width': 511, 'legacy': {}, 'subType': 'hpLarge', 'crop_name': 'hpLarge'}, {'rank': 0, 'subtype': 'largeWidescreen573', 'caption': None, 'credit': None, 'type': 'image', 'url': 'images/2019/12/11/world/11Bougainville-1/11Bougainville-1-largeWidescreen573.jpg', 'height': 322, 'width': 573, 'legacy': {}, 'subType': 'largeWidescreen573', 'crop_name': 'largeWidescreen573'}, {'rank': 0, 'subtype': 'largeWidescreen1050', 'caption': None, 'credit': None, 'type': 'image', 'url': 'images/2019/12/11/world/11Bougainville-1/11Bougainville-1-largeWidescreen1050.jpg', 'height': 591, 'width': 1050, 'legacy': {}, 'subType': 'largeWidescreen1050', 'crop_name': 'largeWidescreen1050'}, {'rank': 0, 'subtype': 'wide', 'caption': None, 'credit': None, 'type': 'image', 'url': 'images/2019/12/11/world/11Bougainville-1/merlin_165777243_f14b9d5e-56f2-4708-ba3c-bfd93b5ef030-thumbWide.jpg', 'height': 126, 'width': 190, 'legacy': {'widewidth': 190, 'wideheight': 126, 'wide': 'images/2019/12/11/world/11Bougainville-1/merlin_165777243_f14b9d5e-56f2-4708-ba3c-bfd93b5ef030-thumbWide.jpg'}, 'subType': 'wide', 'crop_name': 'thumbWide'}, {'rank': 0, 'subtype': 'videoThumb', 'caption': None, 'credit': None, 'type': 'image', 'url': 'images/2019/12/11/world/11Bougainville-1/merlin_165777243_f14b9d5e-56f2-4708-ba3c-bfd93b5ef030-videoThumb.jpg', 'height': 50, 'width': 75, 'legacy': {}, 'subType': 'videoThumb', 'crop_name': 'videoThumb'}, {'rank': 0, 'subtype': 'videoLarge', 'caption': None, 'credit': None, 'type': 'image', 'url': 'images/2019/12/11/world/11Bougainville-1/merlin_165777243_f14b9d5e-56f2-4708-ba3c-bfd93b5ef030-videoLarge.jpg', 'height': 507, 'width': 768, 'legacy': {}, 'subType': 'videoLarge', 'crop_name': 'videoLarge'}, {'rank': 0, 'subtype': 'mediumThreeByTwo210', 'caption': None, 'credit': None, 'type': 'image', 'url': 'images/2019/12/11/world/11Bougainville-1/merlin_165777243_f14b9d5e-56f2-4708-ba3c-bfd93b5ef030-mediumThreeByTwo210.jpg', 'height': 140, 'width': 210, 'legacy': {}, 'subType': 'mediumThreeByTwo210', 'crop_name': 'mediumThreeByTwo210'}, {'rank': 0, 'subtype': 'mediumThreeByTwo225', 'caption': None, 'credit': None, 'type': 'image', 'url': 'images/2019/12/11/world/11Bougainville-1/merlin_165777243_f14b9d5e-56f2-4708-ba3c-bfd93b5ef030-mediumThreeByTwo225.jpg', 'height': 150, 'width': 225, 'legacy': {}, 'subType': 'mediumThreeByTwo225', 'crop_name': 'mediumThreeByTwo225'}, {'rank': 0, 'subtype': 'mediumThreeByTwo440', 'caption': None, 'credit': None, 'type': 'image', 'url': 'images/2019/12/11/world/11Bougainville-1/merlin_165777243_f14b9d5e-56f2-4708-ba3c-bfd93b5ef030-mediumThreeByTwo440.jpg', 'height': 293, 'width': 440, 'legacy': {}, 'subType': 'mediumThreeByTwo440', 'crop_name': 'mediumThreeByTwo440'}, {'rank': 0, 'subtype': 'mediumThreeByTwo252', 'caption': None, 'credit': None, 'type': 'image', 'url': 'images/2019/12/11/world/11Bougainville-1/merlin_165777243_f14b9d5e-56f2-4708-ba3c-bfd93b5ef030-mediumThreeByTwo252.jpg', 'height': 168, 'width': 252, 'legacy': {}, 'subType': 'mediumThreeByTwo252', 'crop_name': 'mediumThreeByTwo252'}, {'rank': 0, 'subtype': 'mediumThreeByTwo378', 'caption': None, 'credit': None, 'type': 'image', 'url': 'images/2019/12/11/world/11Bougainville-1/merlin_165777243_f14b9d5e-56f2-4708-ba3c-bfd93b5ef030-mediumThreeByTwo378.jpg', 'height': 252, 'width': 378, 'legacy': {}, 'subType': 'mediumThreeByTwo378', 'crop_name': 'mediumThreeByTwo378'}, {'rank': 0, 'subtype': 'threeByTwoLargeAt2X', 'caption': None, 'credit': None, 'type': 'image', 'url': 'images/2019/12/11/world/11Bougainville-1/merlin_165777243_f14b9d5e-56f2-4708-ba3c-bfd93b5ef030-threeByTwoLargeAt2X.jpg', 'height': 2000, 'width': 3000, 'legacy': {}, 'subType': 'threeByTwoLargeAt2X', 'crop_name': 'threeByTwoLargeAt2X'}, {'rank': 0, 'subtype': 'threeByTwoMediumAt2X', 'caption': None, 'credit': None, 'type': 'image', 'url': 'images/2019/12/11/world/11Bougainville-1/merlin_165777243_f14b9d5e-56f2-4708-ba3c-bfd93b5ef030-threeByTwoMediumAt2X.jpg', 'height': 1000, 'width': 1500, 'legacy': {}, 'subType': 'threeByTwoMediumAt2X', 'crop_name': 'threeByTwoMediumAt2X'}, {'rank': 0, 'subtype': 'threeByTwoSmallAt2X', 'caption': None, 'credit': None, 'type': 'image', 'url': 'images/2019/12/11/world/11Bougainville-1/merlin_165777243_f14b9d5e-56f2-4708-ba3c-bfd93b5ef030-threeByTwoSmallAt2X.jpg', 'height': 400, 'width': 600, 'legacy': {}, 'subType': 'threeByTwoSmallAt2X', 'crop_name': 'threeByTwoSmallAt2X'}, {'rank': 0, 'subtype': 'articleInline', 'caption': None, 'credit': None, 'type': 'image', 'url': 'images/2019/12/11/world/11Bougainville-1/merlin_165777243_f14b9d5e-56f2-4708-ba3c-bfd93b5ef030-articleInline.jpg', 'height': 127, 'width': 190, 'legacy': {}, 'subType': 'articleInline', 'crop_name': 'articleInline'}, {'rank': 0, 'subtype': 'hpSmall', 'caption': None, 'credit': None, 'type': 'image', 'url': 'images/2019/12/11/world/11Bougainville-1/merlin_165777243_f14b9d5e-56f2-4708-ba3c-bfd93b5ef030-hpSmall.jpg', 'height': 109, 'width': 163, 'legacy': {}, 'subType': 'hpSmall', 'crop_name': 'hpSmall'}, {'rank': 0, 'subtype': 'blogSmallInline', 'caption': None, 'credit': None, 'type': 'image', 'url': 'images/2019/12/11/world/11Bougainville-1/merlin_165777243_f14b9d5e-56f2-4708-ba3c-bfd93b5ef030-blogSmallInline.jpg', 'height': 101, 'width': 151, 'legacy': {}, 'subType': 'blogSmallInline', 'crop_name': 'blogSmallInline'}, {'rank': 0, 'subtype': 'mediumFlexible177', 'caption': None, 'credit': None, 'type': 'image', 'url': 'images/2019/12/11/world/11Bougainville-1/merlin_165777243_f14b9d5e-56f2-4708-ba3c-bfd93b5ef030-mediumFlexible177.jpg', 'height': 118, 'width': 177, 'legacy': {}, 'subType': 'mediumFlexible177', 'crop_name': 'mediumFlexible177'}, {'rank': 0, 'subtype': 'videoSmall', 'caption': None, 'credit': None, 'type': 'image', 'url': 'images/2019/12/11/world/11Bougainville-1/11Bougainville-1-videoSmall.jpg', 'height': 281, 'width': 500, 'legacy': {}, 'subType': 'videoSmall', 'crop_name': 'videoSmall'}, {'rank': 0, 'subtype': 'videoHpMedium', 'caption': None, 'credit': None, 'type': 'image', 'url': 'images/2019/12/11/world/11Bougainville-1/11Bougainville-1-videoHpMedium.jpg', 'height': 211, 'width': 375, 'legacy': {}, 'subType': 'videoHpMedium', 'crop_name': 'videoHpMedium'}, {'rank': 0, 'subtype': 'videoSixteenByNine600', 'caption': None, 'credit': None, 'type': 'image', 'url': 'images/2019/12/11/world/11Bougainville-1/11Bougainville-1-videoSixteenByNine600.jpg', 'height': 338, 'width': 600, 'legacy': {}, 'subType': 'videoSixteenByNine600', 'crop_name': 'videoSixteenByNine600'}, {'rank': 0, 'subtype': 'videoSixteenByNine540', 'caption': None, 'credit': None, 'type': 'image', 'url': 'images/2019/12/11/world/11Bougainville-1/11Bougainville-1-videoSixteenByNine540.jpg', 'height': 304, 'width': 540, 'legacy': {}, 'subType': 'videoSixteenByNine540', 'crop_name': 'videoSixteenByNine540'}, {'rank': 0, 'subtype': 'videoSixteenByNine495', 'caption': None, 'credit': None, 'type': 'image', 'url': 'images/2019/12/11/world/11Bougainville-1/11Bougainville-1-videoSixteenByNine495.jpg', 'height': 278, 'width': 495, 'legacy': {}, 'subType': 'videoSixteenByNine495', 'crop_name': 'videoSixteenByNine495'}, {'rank': 0, 'subtype': 'videoSixteenByNine390', 'caption': None, 'credit': None, 'type': 'image', 'url': 'images/2019/12/11/world/11Bougainville-1/11Bougainville-1-videoSixteenByNine390.jpg', 'height': 219, 'width': 390, 'legacy': {}, 'subType': 'videoSixteenByNine390', 'crop_name': 'videoSixteenByNine390'}, {'rank': 0, 'subtype': 'videoSixteenByNine1050', 'caption': None, 'credit': None, 'type': 'image', 'url': 'images/2019/12/11/world/11Bougainville-1/11Bougainville-1-videoSixteenByNine1050.jpg', 'height': 591, 'width': 1050, 'legacy': {}, 'subType': 'videoSixteenByNine1050', 'crop_name': 'videoSixteenByNine1050'}, {'rank': 0, 'subtype': 'videoSixteenByNine480', 'caption': None, 'credit': None, 'type': 'image', 'url': 'images/2019/12/11/world/11Bougainville-1/11Bougainville-1-videoSixteenByNine480.jpg', 'height': 270, 'width': 480, 'legacy': {}, 'subType': 'videoSixteenByNine480', 'crop_name': 'videoSixteenByNine480'}, {'rank': 0, 'subtype': 'videoSixteenByNine310', 'caption': None, 'credit': None, 'type': 'image', 'url': 'images/2019/12/11/world/11Bougainville-1/11Bougainville-1-videoSixteenByNine310.jpg', 'height': 174, 'width': 310, 'legacy': {}, 'subType': 'videoSixteenByNine310', 'crop_name': 'videoSixteenByNine310'}, {'rank': 0, 'subtype': 'videoSixteenByNine225', 'caption': None, 'credit': None, 'type': 'image', 'url': 'images/2019/12/11/world/11Bougainville-1/11Bougainville-1-videoSixteenByNine225.jpg', 'height': 126, 'width': 225, 'legacy': {}, 'subType': 'videoSixteenByNine225', 'crop_name': 'videoSixteenByNine225'}, {'rank': 0, 'subtype': 'videoSixteenByNine96', 'caption': None, 'credit': None, 'type': 'image', 'url': 'images/2019/12/11/world/11Bougainville-1/11Bougainville-1-videoSixteenByNine96.jpg', 'height': 54, 'width': 96, 'legacy': {}, 'subType': 'videoSixteenByNine96', 'crop_name': 'videoSixteenByNine96'}, {'rank': 0, 'subtype': 'videoSixteenByNine3000', 'caption': None, 'credit': None, 'type': 'image', 'url': 'images/2019/12/11/world/11Bougainville-1/11Bougainville-1-videoSixteenByNine3000.jpg', 'height': 1687, 'width': 3000, 'legacy': {}, 'subType': 'videoSixteenByNine3000', 'crop_name': 'videoSixteenByNine3000'}, {'rank': 0, 'subtype': 'videoSixteenByNine768', 'caption': None, 'credit': None, 'type': 'image', 'url': 'images/2019/12/11/world/11Bougainville-1/11Bougainville-1-videoSixteenByNine768.jpg', 'height': 432, 'width': 768, 'legacy': {}, 'subType': 'videoSixteenByNine768', 'crop_name': 'videoSixteenByNine768'}, {'rank': 0, 'subtype': 'videoSixteenByNine150', 'caption': None, 'credit': None, 'type': 'image', 'url': 'images/2019/12/11/world/11Bougainville-1/11Bougainville-1-videoSixteenByNine150.jpg', 'height': 84, 'width': 150, 'legacy': {}, 'subType': 'videoSixteenByNine150', 'crop_name': 'videoSixteenByNine150'}, {'rank': 0, 'subtype': 'videoSixteenByNineJumbo1600', 'caption': None, 'credit': None, 'type': 'image', 'url': 'images/2019/12/11/world/11Bougainville-1/11Bougainville-1-videoSixteenByNineJumbo1600.jpg', 'height': 900, 'width': 1600, 'legacy': {}, 'subType': 'videoSixteenByNineJumbo1600', 'crop_name': 'videoSixteenByNineJumbo1600'}, {'rank': 0, 'subtype': 'miniMoth', 'caption': None, 'credit': None, 'type': 'image', 'url': 'images/2019/12/11/world/11Bougainville-1/11Bougainville-1-miniMoth.jpg', 'height': 70, 'width': 151, 'legacy': {}, 'subType': 'miniMoth', 'crop_name': 'miniMoth'}, {'rank': 0, 'subtype': 'windowsTile336H', 'caption': None, 'credit': None, 'type': 'image', 'url': 'images/2019/12/11/world/11Bougainville-1/11Bougainville-1-windowsTile336H.jpg', 'height': 336, 'width': 694, 'legacy': {}, 'subType': 'windowsTile336H', 'crop_name': 'windowsTile336H'}, {'rank': 0, 'subtype': 'videoFifteenBySeven1305', 'caption': None, 'credit': None, 'type': 'image', 'url': 'images/2019/12/11/world/11Bougainville-1/11Bougainville-1-videoFifteenBySeven1305.jpg', 'height': 609, 'width': 1305, 'legacy': {}, 'subType': 'videoFifteenBySeven1305', 'crop_name': 'videoFifteenBySeven1305'}, {'rank': 0, 'subtype': 'videoFifteenBySeven2610', 'caption': None, 'credit': None, 'type': 'image', 'url': 'images/2019/12/11/world/11Bougainville-1/11Bougainville-1-videoFifteenBySeven2610.jpg', 'height': 1218, 'width': 2610, 'legacy': {}, 'subType': 'videoFifteenBySeven2610', 'crop_name': 'videoFifteenBySeven2610'}, {'rank': 0, 'subtype': 'facebookJumbo', 'caption': None, 'credit': None, 'type': 'image', 'url': 'images/2019/12/11/world/11Bougainville-1/11Bougainville-1-facebookJumbo.jpg', 'height': 550, 'width': 1050, 'legacy': {}, 'subType': 'facebookJumbo', 'crop_name': 'facebookJumbo'}, {'rank': 0, 'subtype': 'watch308', 'caption': None, 'credit': None, 'type': 'image', 'url': 'images/2019/12/11/world/11Bougainville-1/11Bougainville-1-watch308.jpg', 'height': 348, 'width': 312, 'legacy': {}, 'subType': 'watch308', 'crop_name': 'watch308'}, {'rank': 0, 'subtype': 'watch268', 'caption': None, 'credit': None, 'type': 'image', 'url': 'images/2019/12/11/world/11Bougainville-1/11Bougainville-1-watch268.jpg', 'height': 303, 'width': 272, 'legacy': {}, 'subType': 'watch268', 'crop_name': 'watch268'}, {'rank': 0, 'subtype': 'verticalTwoByThree735', 'caption': None, 'credit': None, 'type': 'image', 'url': 'images/2019/12/11/world/11Bougainville-1/11Bougainville-1-verticalTwoByThree735.jpg', 'height': 1103, 'width': 735, 'legacy': {}, 'subType': 'verticalTwoByThree735', 'crop_name': 'verticalTwoByThree735'}, {'rank': 0, 'subtype': 'mobileMasterAt3x', 'caption': None, 'credit': None, 'type': 'image', 'url': 'images/2019/12/11/world/11Bougainville-1/merlin_165777243_f14b9d5e-56f2-4708-ba3c-bfd93b5ef030-mobileMasterAt3x.jpg', 'height': 1200, 'width': 1800, 'legacy': {}, 'subType': 'mobileMasterAt3x', 'crop_name': 'mobileMasterAt3x'}]","[{'name': 'subject', 'value': 'Politics and Government', 'rank': 1, 'major': 'N'}, {'name': 'subject', 'value': 'Secession and Independence Movements', 'rank': 2, 'major': 'N'}, {'name': 'subject', 'value': 'Referendums', 'rank': 3, 'major': 'N'}, {'name': 'glocations', 'value': 'Australia', 'rank': 4, 'major': 'N'}, {'name': 'glocations', 'value': 'Far East, South and Southeast Asia and Pacific Areas', 'rank': 5, 'major': 'N'}]",2019-12-11T08:47:02+0000,article,Foreign,World,Asia Pacific,News,nyt://article/11f1f7f2-170c-5883-859f-7183c0837252,572,nyt://article/11f1f7f2-170c-5883-859f-7183c0837252,Bougainville Votes for Independence From Papua New Guinea,,,South Pacific Island Group  Votes to Become a Nation,,,,By Damien Cave,"[{'firstname': 'Damien', 'middlename': None, 'lastname': 'Cave', 'qualifier': None, 'title': None, 'role': 'reported', 'organization': '', 'rank': 1}]",,A,9
