,abstract,web_url,snippet,lead_paragraph,source,multimedia,keywords,pub_date,document_type,news_desk,section_name,subsection_name,type_of_material,_id,word_count,uri,headline_main,headline_kicker,headline_content_kicker,headline_print_headline,headline_name,headline_seo,headline_sub,byline_original,byline_person,byline_organization
0,"Utilizing a complicated in-person caucus system, the first contest in the Democratic presidential primary will take place in Iowa on Monday. ",https://www.nytimes.com/reuters/2020/02/04/us/politics/03reuters-usa-election-iowa-caucuses-explainer.html,"Utilizing a complicated in-person caucus system, the first contest in the Democratic presidential primary will take place in Iowa on Monday. ","WASHINGTON — Utilizing a complicated in-person caucus system, the first contest in the Democratic presidential primary will take place in Iowa on Monday. ",Reuters,[],[],2020-02-04T15:19:16+0000,article,None,U.S.,Politics,News,nyt://article/68615cfd-414c-54dd-8a84-8c2eb6224e92,888,nyt://article/68615cfd-414c-54dd-8a84-8c2eb6224e92,Explainer: Why Iowa? How a Little Rural State Picks Presidential Nominees,,,Explainer: Why Iowa? How a Little Rural State Picks Presidential Nominees,,,,By Reuters,[],Reuters
1,"Partial results for the caucuses were released, and the confusion continued to reverberate around the presidential race.",https://www.nytimes.com/2020/02/04/us/politics/iowa-caucus-nh-primary.html,"Partial results for the caucuses were released, and the confusion continued to reverberate around the presidential race.",Mr. Buttigieg took a narrow early lead over Mr. Sanders in the first wave of partial results from the caucuses. Ms. Warren was in third place and Mr. Biden was in fourth.,The New York Times,[],"[{'name': 'subject', 'value': 'Presidential Election of 2020', 'rank': 1, 'major': 'N'}, {'name': 'organizations', 'value': 'Democratic Party', 'rank': 2, 'major': 'N'}, {'name': 'glocations', 'value': 'Iowa', 'rank': 3, 'major': 'N'}, {'name': 'glocations', 'value': 'Manchester (NH)', 'rank': 4, 'major': 'N'}, {'name': 'persons', 'value': 'Buttigieg, Pete (1982- )', 'rank': 5, 'major': 'N'}, {'name': 'persons', 'value': 'Warren, Elizabeth', 'rank': 6, 'major': 'N'}]",2020-02-04T15:03:29+0000,article,Politics,U.S.,Politics,News,nyt://article/5808775b-7c39-50c5-b8d5-90c7f7fdafa6,2059,nyt://article/5808775b-7c39-50c5-b8d5-90c7f7fdafa6,Iowa Results: What We Know So Far,,,,,,,By The New York Times,[],The New York Times
2,"Barring a dramatic development, President Donald Trump appears almost certain to be acquitted in his Senate impeachment trial. Here is a look at the road to his impeachment and trial.",https://www.nytimes.com/reuters/2020/02/04/us/politics/03reuters-usa-trump-impeachment-timeline.html,"Barring a dramatic development, President Donald Trump appears almost certain to be acquitted in his Senate impeachment trial. Here is a look at the road to his impeachment and trial.","WASHINGTON — Barring a dramatic development, President Donald Trump appears almost certain to be acquitted in his Senate impeachment trial. Here is a look at the road to his impeachment and trial.",Reuters,[],[],2020-02-04T14:55:14+0000,article,None,U.S.,Politics,News,nyt://article/0072dae8-21e5-533c-b00f-02ae5c331b28,643,nyt://article/0072dae8-21e5-533c-b00f-02ae5c331b28,The Long Road to Trump's Impeachment and Trial,,,The Long Road to Trump's Impeachment and Trial,,,,By Reuters,[],Reuters
3,U.S. Democratic presidential contender Michael Bloomberg vowed on Monday he would not let President Donald Trump bully him and said the insults being lobbed at him are a sign Trump is worried about running against the fellow New York business tycoon.,https://www.nytimes.com/reuters/2020/02/04/us/politics/03reuters-usa-election-bloomberg-trump.html,U.S. Democratic presidential contender Michael Bloomberg vowed on Monday he would not let President Donald Trump bully him and said the insults being lobbed at him are a sign Trump is worried about running against the fellow New York business tyco...,"COMPTON, Calif. — U.S. Democratic presidential contender Michael Bloomberg vowed on Monday he would not let President Donald Trump bully him and said the insults being lobbed at him are a sign Trump is worried about running against the fellow New York business tycoon.",Reuters,[],[],2020-02-04T14:34:24+0000,article,None,U.S.,Politics,News,nyt://article/27866f0b-20a7-55d6-a417-e6f8f5dcbe72,533,nyt://article/27866f0b-20a7-55d6-a417-e6f8f5dcbe72,U.S. Candidate Bloomberg Says Trump Cannot Stop Taking Bait in Insult War,,,U.S. Candidate Bloomberg Says Trump Cannot Stop Taking Bait in Insult War,,,,By Reuters,[],Reuters
4,The final countdown to the Iowa caucuses is on.,https://www.nytimes.com/reuters/2020/02/04/us/politics/02reuters-usa-election.html,The final countdown to the Iowa caucuses is on.,"CEDAR RAPIDS, Iowa — The final countdown to the Iowa caucuses is on.",Reuters,[],[],2020-02-04T14:34:19+0000,article,None,U.S.,Politics,News,nyt://article/54534a19-1b52-54a2-ad6a-3c23fb2bd86a,1019,nyt://article/54534a19-1b52-54a2-ad6a-3c23fb2bd86a,On the Campaign Trail: 'Super Bowl of Campaigns' Caps Democrats' Final Iowa Push,,,On the Campaign Trail: 'Super Bowl of Campaigns' Caps Democrats' Final Iowa Push,,,,By Reuters,[],Reuters
5,"A U.S. federal judge set an Oct. 5 trial date for Lev Parnas and Igor Fruman, two associates of President Donald Trump's personal lawyer Rudy Giuliani, setting the stage for more information to emerge about their alleged campaign finance violations before November's presidential election.",https://www.nytimes.com/reuters/2020/02/04/us/politics/03reuters-usa-trump-giuliani.html,"A U.S. federal judge set an Oct. 5 trial date for Lev Parnas and Igor Fruman, two associates of President Donald Trump's personal lawyer Rudy Giuliani, setting the stage for more information to emerge about their alleged campaign finance violation...","NEW YORK — A U.S. federal judge set an Oct. 5 trial date for Lev Parnas and Igor Fruman, two associates of President Donald Trump's personal lawyer Rudy Giuliani, setting the stage for more information to emerge about their alleged campaign finance violations before November's presidential election.",Reuters,[],[],2020-02-04T14:31:22+0000,article,None,U.S.,Politics,News,nyt://article/755ff495-ddbf-5acb-b8e8-22a82abc4997,427,nyt://article/755ff495-ddbf-5acb-b8e8-22a82abc4997,"Giuliani Associates Parnas, Fruman Face Oct. 5 Trial, Before U.S. Election",,,"Giuliani Associates Parnas, Fruman Face Oct. 5 Trial, Before U.S. Election",,,,By Reuters,[],Reuters
6,"In a speech last month to farmers in Texas, President Donald Trump won applause as he talked up recent U.S. trade agreements. When he tried to boast of his administration's ethanol policy, however, he was met with silence.",https://www.nytimes.com/reuters/2020/02/04/us/politics/03reuters-usa-election-iowa-biofuels.html,"In a speech last month to farmers in Texas, President Donald Trump won applause as he talked up recent U.S. trade agreements. When he tried to boast of his administration's ethanol policy, however, he was met with silence.","NEW YORK — In a speech last month to farmers in Texas, President Donald Trump won applause as he talked up recent U.S. trade agreements. When he tried to boast of his administration's ethanol policy, however, he was met with silence.",Reuters,[],[],2020-02-04T14:31:15+0000,article,None,U.S.,Politics,News,nyt://article/a0c62c38-1cf3-5f52-bc20-dbd66780b2dd,862,nyt://article/a0c62c38-1cf3-5f52-bc20-dbd66780b2dd,Iowa's Anger Over Trump's Ethanol Policy Gives Democrats Opening,,,Iowa's Anger Over Trump's Ethanol Policy Gives Democrats Opening,,,,By Reuters,[],Reuters
7,"The U.S. Democratic presidential nominating race got off to a slow and rocky start in Iowa on Monday, as the results of the state's caucuses were delayed for hours while party officials double-checked ""inconsistencies"" in the initial count.",https://www.nytimes.com/reuters/2020/02/04/us/politics/03reuters-usa-election.html,"The U.S. Democratic presidential nominating race got off to a slow and rocky start in Iowa on Monday, as the results of the state's caucuses were delayed for hours while party officials double-checked ""inconsistencies"" in the initial count.","DES MOINES, Iowa — The U.S. Democratic presidential nominating race got off to a slow and rocky start in Iowa on Monday, as the results of the state's caucuses were delayed for hours while party officials double-checked ""inconsistencies"" in the initial count.",Reuters,[],[],2020-02-04T14:28:20+0000,article,None,U.S.,Politics,News,nyt://article/e645b0d8-a020-559b-811c-540f3facd33b,1043,nyt://article/e645b0d8-a020-559b-811c-540f3facd33b,Democratic Presidential Race Off to Rocky Start as Iowa Results Delayed by 'Inconsistencies',,,Democratic Presidential Race Off to Rocky Start as Iowa Results Delayed by 'Inconsistencies',,,,By Reuters,[],Reuters
8,Scores of volunteers from across the United States descended on icy Iowa ahead of Monday's Democratic caucus with one goal: nominating a candidate who can defeat Republican President Donald Trump in November. ,https://www.nytimes.com/reuters/2020/02/04/us/politics/03reuters-usa-election-iowa.html,Scores of volunteers from across the United States descended on icy Iowa ahead of Monday's Democratic caucus with one goal: nominating a candidate who can defeat Republican President Donald Trump in November. ,"DES MOINES, Iowa — Scores of volunteers from across the United States descended on icy Iowa ahead of Monday's Democratic caucus with one goal: nominating a candidate who can defeat Republican President Donald Trump in November. ",Reuters,[],[],2020-02-04T14:28:16+0000,article,None,U.S.,Politics,News,nyt://article/7af06df6-2efe-5093-ab4a-6af2bd057820,472,nyt://article/7af06df6-2efe-5093-ab4a-6af2bd057820,Volunteers Flock to Iowa for High-Stakes Democratic Nominating Contest,,,Volunteers Flock to Iowa for High-Stakes Democratic Nominating Contest,,,,By Reuters,[],Reuters
9,The special treatment must end.,https://www.nytimes.com/2020/02/04/opinion/iowa-caucuses-democrats.html,The special treatment must end.,This article is part of David Leonhardt’s newsletter. You can sign up here to receive it each weekday.,The New York Times,"[{'rank': 0, 'subtype': 'xlarge', 'caption': None, 'credit': None, 'type': 'image', 'url': 'images/2020/02/04/opinion/04leonhardt-newsletter/04leonhardt-newsletter-articleLarge.jpg', 'height': 400, 'width': 600, 'legacy': {'xlarge': 'images/2020/02/04/opinion/04leonhardt-newsletter/04leonhardt-newsletter-articleLarge.jpg', 'xlargewidth': 600, 'xlargeheight': 400}, 'subType': 'xlarge', 'crop_name': 'articleLarge'}, {'rank': 0, 'subtype': 'popup', 'caption': None, 'credit': None, 'type': 'image', 'url': 'images/2020/02/04/opinion/04leonhardt-newsletter/04leonhardt-newsletter-popup.jpg', 'height': 433, 'width': 650, 'legacy': {}, 'subType': 'popup', 'crop_name': 'popup'}, {'rank': 0, 'subtype': 'blog480', 'caption': None, 'credit': None, 'type': 'image', 'url': 'images/2020/02/04/opinion/04leonhardt-newsletter/04leonhardt-newsletter-blog480.jpg', 'height': 320, 'width': 480, 'legacy': {}, 'subType': 'blog480', 'crop_name': 'blog480'}, {'rank': 0, 'subtype': 'blog533', 'caption': None, 'credit': None, 'type': 'image', 'url': 'images/2020/02/04/opinion/04leonhardt-newsletter/04leonhardt-newsletter-blog533.jpg', 'height': 355, 'width': 533, 'legacy': {}, 'subType': 'blog533', 'crop_name': 'blog533'}, {'rank': 0, 'subtype': 'blog427', 'caption': None, 'credit': None, 'type': 'image', 'url': 'images/2020/02/04/opinion/04leonhardt-newsletter/04leonhardt-newsletter-blog427.jpg', 'height': 285, 'width': 427, 'legacy': {}, 'subType': 'blog427', 'crop_name': 'blog427'}, {'rank': 0, 'subtype': 'tmagSF', 'caption': None, 'credit': None, 'type': 'image', 'url': 'images/2020/02/04/opinion/04leonhardt-newsletter/04leonhardt-newsletter-tmagSF.jpg', 'height': 241, 'width': 362, 'legacy': {}, 'subType': 'tmagSF', 'crop_name': 'tmagSF'}, {'rank': 0, 'subtype': 'tmagArticle', 'caption': None, 'credit': None, 'type': 'image', 'url': 'images/2020/02/04/opinion/04leonhardt-newsletter/04leonhardt-newsletter-tmagArticle.jpg', 'height': 395, 'width': 592, 'legacy': {}, 'subType': 'tmagArticle', 'crop_name': 'tmagArticle'}, {'rank': 0, 'subtype': 'slide', 'caption': None, 'credit': None, 'type': 'image', 'url': 'images/2020/02/04/opinion/04leonhardt-newsletter/04leonhardt-newsletter-slide.jpg', 'height': 400, 'width': 600, 'legacy': {}, 'subType': 'slide', 'crop_name': 'slide'}, {'rank': 0, 'subtype': 'jumbo', 'caption': None, 'credit': None, 'type': 'image', 'url': 'images/2020/02/04/opinion/04leonhardt-newsletter/04leonhardt-newsletter-jumbo.jpg', 'height': 683, 'width': 1024, 'legacy': {}, 'subType': 'jumbo', 'crop_name': 'jumbo'}, {'rank': 0, 'subtype': 'superJumbo', 'caption': None, 'credit': None, 'type': 'image', 'url': 'images/2020/02/04/opinion/04leonhardt-newsletter/04leonhardt-newsletter-superJumbo.jpg', 'height': 1365, 'width': 2048, 'legacy': {}, 'subType': 'superJumbo', 'crop_name': 'superJumbo'}, {'rank': 0, 'subtype': 'blog225', 'caption': None, 'credit': None, 'type': 'image', 'url': 'images/2020/02/04/opinion/04leonhardt-newsletter/04leonhardt-newsletter-blog225.jpg', 'height': 150, 'width': 225, 'legacy': {}, 'subType': 'blog225', 'crop_name': 'blog225'}, {'rank': 0, 'subtype': 'master1050', 'caption': None, 'credit': None, 'type': 'image', 'url': 'images/2020/02/04/opinion/04leonhardt-newsletter/04leonhardt-newsletter-master1050.jpg', 'height': 700, 'width': 1050, 'legacy': {}, 'subType': 'master1050', 'crop_name': 'master1050'}, {'rank': 0, 'subtype': 'master675', 'caption': None, 'credit': None, 'type': 'image', 'url': 'images/2020/02/04/opinion/04leonhardt-newsletter/04leonhardt-newsletter-master675.jpg', 'height': 450, 'width': 675, 'legacy': {}, 'subType': 'master675', 'crop_name': 'master675'}, {'rank': 0, 'subtype': 'master495', 'caption': None, 'credit': None, 'type': 'image', 'url': 'images/2020/02/04/opinion/04leonhardt-newsletter/04leonhardt-newsletter-master495.jpg', 'height': 330, 'width': 495, 'legacy': {}, 'subType': 'master495', 'crop_name': 'master495'}, {'rank': 0, 'subtype': 'master180', 'caption': None, 'credit': None, 'type': 'image', 'url': 'images/2020/02/04/opinion/04leonhardt-newsletter/04leonhardt-newsletter-master180.jpg', 'height': 120, 'width': 180, 'legacy': {}, 'subType': 'master180', 'crop_name': 'master180'}, {'rank': 0, 'subtype': 'master315', 'caption': None, 'credit': None, 'type': 'image', 'url': 'images/2020/02/04/opinion/04leonhardt-newsletter/04leonhardt-newsletter-master315.jpg', 'height': 210, 'width': 315, 'legacy': {}, 'subType': 'master315', 'crop_name': 'master315'}, {'rank': 0, 'subtype': 'master768', 'caption': None, 'credit': None, 'type': 'image', 'url': 'images/2020/02/04/opinion/04leonhardt-newsletter/04leonhardt-newsletter-master768.jpg', 'height': 512, 'width': 768, 'legacy': {}, 'subType': 'master768', 'crop_name': 'master768'}, {'rank': 0, 'subtype': 'thumbnail', 'caption': None, 'credit': None, 'type': 'image', 'url': 'images/2020/02/04/opinion/04leonhardt-newsletter/04leonhardt-newsletter-thumbStandard.jpg', 'height': 75, 'width': 75, 'legacy': {'thumbnail': 'images/2020/02/04/opinion/04leonhardt-newsletter/04leonhardt-newsletter-thumbStandard.jpg', 'thumbnailwidth': 75, 'thumbnailheight': 75}, 'subType': 'thumbnail', 'crop_name': 'thumbStandard'}, {'rank': 0, 'subtype': 'blogSmallThumb', 'caption': None, 'credit': None, 'type': 'image', 'url': 'images/2020/02/04/opinion/04leonhardt-newsletter/04leonhardt-newsletter-blogSmallThumb.jpg', 'height': 50, 'width': 50, 'legacy': {}, 'subType': 'blogSmallThumb', 'crop_name': 'blogSmallThumb'}, {'rank': 0, 'subtype': 'thumbLarge', 'caption': None, 'credit': None, 'type': 'image', 'url': 'images/2020/02/04/opinion/04leonhardt-newsletter/04leonhardt-newsletter-thumbLarge.jpg', 'height': 150, 'width': 150, 'legacy': {}, 'subType': 'thumbLarge', 'crop_name': 'thumbLarge'}, {'rank': 0, 'subtype': 'smallSquare168', 'caption': None, 'credit': None, 'type': 'image', 'url': 'images/2020/02/04/opinion/04leonhardt-newsletter/04leonhardt-newsletter-smallSquare168.jpg', 'height': 168, 'width': 168, 'legacy': {}, 'subType': 'smallSquare168', 'crop_name': 'smallSquare168'}, {'rank': 0, 'subtype': 'smallSquare252', 'caption': None, 'credit': None, 'type': 'image', 'url': 'images/2020/02/04/opinion/04leonhardt-newsletter/04leonhardt-newsletter-smallSquare252.jpg', 'height': 252, 'width': 252, 'legacy': {}, 'subType': 'smallSquare252', 'crop_name': 'smallSquare252'}, {'rank': 0, 'subtype': 'square320', 'caption': None, 'credit': None, 'type': 'image', 'url': 'images/2020/02/04/opinion/04leonhardt-newsletter/04leonhardt-newsletter-square320.jpg', 'height': 320, 'width': 320, 'legacy': {}, 'subType': 'square320', 'crop_name': 'square320'}, {'rank': 0, 'subtype': 'moth', 'caption': None, 'credit': None, 'type': 'image', 'url': 'images/2020/02/04/opinion/04leonhardt-newsletter/04leonhardt-newsletter-moth.jpg', 'height': 151, 'width': 151, 'legacy': {}, 'subType': 'moth', 'crop_name': 'moth'}, {'rank': 0, 'subtype': 'filmstrip', 'caption': None, 'credit': None, 'type': 'image', 'url': 'images/2020/02/04/opinion/04leonhardt-newsletter/04leonhardt-newsletter-filmstrip.jpg', 'height': 190, 'width': 190, 'legacy': {}, 'subType': 'filmstrip', 'crop_name': 'filmstrip'}, {'rank': 0, 'subtype': 'square640', 'caption': None, 'credit': None, 'type': 'image', 'url': 'images/2020/02/04/opinion/04leonhardt-newsletter/04leonhardt-newsletter-square640.jpg', 'height': 640, 'width': 640, 'legacy': {}, 'subType': 'square640', 'crop_name': 'square640'}, {'rank': 0, 'subtype': 'mediumSquare149', 'caption': None, 'credit': None, 'type': 'image', 'url': 'images/2020/02/04/opinion/04leonhardt-newsletter/04leonhardt-newsletter-mediumSquare149.jpg', 'height': 149, 'width': 149, 'legacy': {}, 'subType': 'mediumSquare149', 'crop_name': 'mediumSquare149'}, {'rank': 0, 'subtype': 'sfSpan', 'caption': None, 'credit': None, 'type': 'image', 'url': 'images/2020/02/04/opinion/04leonhardt-newsletter/04leonhardt-newsletter-sfSpan.jpg', 'height': 263, 'width': 395, 'legacy': {}, 'subType': 'sfSpan', 'crop_name': 'sfSpan'}, {'rank': 0, 'subtype': 'largeHorizontal375', 'caption': None, 'credit': None, 'type': 'image', 'url': 'images/2020/02/04/opinion/04leonhardt-newsletter/04leonhardt-newsletter-largeHorizontal375.jpg', 'height': 250, 'width': 375, 'legacy': {}, 'subType': 'largeHorizontal375', 'crop_name': 'largeHorizontal375'}, {'rank': 0, 'subtype': 'largeHorizontalJumbo', 'caption': None, 'credit': None, 'type': 'image', 'url': 'images/2020/02/04/opinion/04leonhardt-newsletter/04leonhardt-newsletter-largeHorizontalJumbo.jpg', 'height': 683, 'width': 1024, 'legacy': {}, 'subType': 'largeHorizontalJumbo', 'crop_name': 'largeHorizontalJumbo'}, {'rank': 0, 'subtype': 'horizontalMediumAt2X', 'caption': None, 'credit': None, 'type': 'image', 'url': 'images/2020/02/04/opinion/04leonhardt-newsletter/04leonhardt-newsletter-horizontalMediumAt2X.jpg', 'height': 4425, 'width': 6637, 'legacy': {}, 'subType': 'horizontalMediumAt2X', 'crop_name': 'horizontalMediumAt2X'}, {'rank': 0, 'subtype': 'hpLarge', 'caption': None, 'credit': None, 'type': 'image', 'url': 'images/2020/02/04/opinion/04leonhardt-newsletter/04leonhardt-newsletter-hpLarge.jpg', 'height': 287, 'width': 511, 'legacy': {}, 'subType': 'hpLarge', 'crop_name': 'hpLarge'}, {'rank': 0, 'subtype': 'largeWidescreen573', 'caption': None, 'credit': None, 'type': 'image', 'url': 'images/2020/02/04/opinion/04leonhardt-newsletter/04leonhardt-newsletter-largeWidescreen573.jpg', 'height': 322, 'width': 573, 'legacy': {}, 'subType': 'largeWidescreen573', 'crop_name': 'largeWidescreen573'}, {'rank': 0, 'subtype': 'largeWidescreen1050', 'caption': None, 'credit': None, 'type': 'image', 'url': 'images/2020/02/04/opinion/04leonhardt-newsletter/04leonhardt-newsletter-largeWidescreen1050.jpg', 'height': 591, 'width': 1050, 'legacy': {}, 'subType': 'largeWidescreen1050', 'crop_name': 'largeWidescreen1050'}, {'rank': 0, 'subtype': 'wide', 'caption': None, 'credit': None, 'type': 'image', 'url': 'images/2020/02/04/opinion/04leonhardt-newsletter/04leonhardt-newsletter-thumbWide.jpg', 'height': 126, 'width': 190, 'legacy': {'widewidth': 190, 'wideheight': 126, 'wide': 'images/2020/02/04/opinion/04leonhardt-newsletter/04leonhardt-newsletter-thumbWide.jpg'}, 'subType': 'wide', 'crop_name': 'thumbWide'}, {'rank': 0, 'subtype': 'videoThumb', 'caption': None, 'credit': None, 'type': 'image', 'url': 'images/2020/02/04/opinion/04leonhardt-newsletter/04leonhardt-newsletter-videoThumb.jpg', 'height': 50, 'width': 75, 'legacy': {}, 'subType': 'videoThumb', 'crop_name': 'videoThumb'}, {'rank': 0, 'subtype': 'videoLarge', 'caption': None, 'credit': None, 'type': 'image', 'url': 'images/2020/02/04/opinion/04leonhardt-newsletter/04leonhardt-newsletter-videoLarge.jpg', 'height': 507, 'width': 768, 'legacy': {}, 'subType': 'videoLarge', 'crop_name': 'videoLarge'}, {'rank': 0, 'subtype': 'mediumThreeByTwo210', 'caption': None, 'credit': None, 'type': 'image', 'url': 'images/2020/02/04/opinion/04leonhardt-newsletter/04leonhardt-newsletter-mediumThreeByTwo210.jpg', 'height': 140, 'width': 210, 'legacy': {}, 'subType': 'mediumThreeByTwo210', 'crop_name': 'mediumThreeByTwo210'}, {'rank': 0, 'subtype': 'mediumThreeByTwo225', 'caption': None, 'credit': None, 'type': 'image', 'url': 'images/2020/02/04/opinion/04leonhardt-newsletter/04leonhardt-newsletter-mediumThreeByTwo225.jpg', 'height': 150, 'width': 225, 'legacy': {}, 'subType': 'mediumThreeByTwo225', 'crop_name': 'mediumThreeByTwo225'}, {'rank': 0, 'subtype': 'mediumThreeByTwo440', 'caption': None, 'credit': None, 'type': 'image', 'url': 'images/2020/02/04/opinion/04leonhardt-newsletter/04leonhardt-newsletter-mediumThreeByTwo440.jpg', 'height': 293, 'width': 440, 'legacy': {}, 'subType': 'mediumThreeByTwo440', 'crop_name': 'mediumThreeByTwo440'}, {'rank': 0, 'subtype': 'mediumThreeByTwo252', 'caption': None, 'credit': None, 'type': 'image', 'url': 'images/2020/02/04/opinion/04leonhardt-newsletter/04leonhardt-newsletter-mediumThreeByTwo252.jpg', 'height': 168, 'width': 252, 'legacy': {}, 'subType': 'mediumThreeByTwo252', 'crop_name': 'mediumThreeByTwo252'}, {'rank': 0, 'subtype': 'mediumThreeByTwo378', 'caption': None, 'credit': None, 'type': 'image', 'url': 'images/2020/02/04/opinion/04leonhardt-newsletter/04leonhardt-newsletter-mediumThreeByTwo378.jpg', 'height': 252, 'width': 378, 'legacy': {}, 'subType': 'mediumThreeByTwo378', 'crop_name': 'mediumThreeByTwo378'}, {'rank': 0, 'subtype': 'threeByTwoLargeAt2X', 'caption': None, 'credit': None, 'type': 'image', 'url': 'images/2020/02/04/opinion/04leonhardt-newsletter/04leonhardt-newsletter-threeByTwoLargeAt2X.jpg', 'height': 4425, 'width': 6638, 'legacy': {}, 'subType': 'threeByTwoLargeAt2X', 'crop_name': 'threeByTwoLargeAt2X'}, {'rank': 0, 'subtype': 'threeByTwoMediumAt2X', 'caption': None, 'credit': None, 'type': 'image', 'url': 'images/2020/02/04/opinion/04leonhardt-newsletter/04leonhardt-newsletter-threeByTwoMediumAt2X.jpg', 'height': 1000, 'width': 1500, 'legacy': {}, 'subType': 'threeByTwoMediumAt2X', 'crop_name': 'threeByTwoMediumAt2X'}, {'rank': 0, 'subtype': 'threeByTwoSmallAt2X', 'caption': None, 'credit': None, 'type': 'image', 'url': 'images/2020/02/04/opinion/04leonhardt-newsletter/04leonhardt-newsletter-threeByTwoSmallAt2X.jpg', 'height': 400, 'width': 600, 'legacy': {}, 'subType': 'threeByTwoSmallAt2X', 'crop_name': 'threeByTwoSmallAt2X'}, {'rank': 0, 'subtype': 'articleInline', 'caption': None, 'credit': None, 'type': 'image', 'url': 'images/2020/02/04/opinion/04leonhardt-newsletter/04leonhardt-newsletter-articleInline.jpg', 'height': 127, 'width': 190, 'legacy': {}, 'subType': 'articleInline', 'crop_name': 'articleInline'}, {'rank': 0, 'subtype': 'hpSmall', 'caption': None, 'credit': None, 'type': 'image', 'url': 'images/2020/02/04/opinion/04leonhardt-newsletter/04leonhardt-newsletter-hpSmall.jpg', 'height': 109, 'width': 163, 'legacy': {}, 'subType': 'hpSmall', 'crop_name': 'hpSmall'}, {'rank': 0, 'subtype': 'blogSmallInline', 'caption': None, 'credit': None, 'type': 'image', 'url': 'images/2020/02/04/opinion/04leonhardt-newsletter/04leonhardt-newsletter-blogSmallInline.jpg', 'height': 101, 'width': 151, 'legacy': {}, 'subType': 'blogSmallInline', 'crop_name': 'blogSmallInline'}, {'rank': 0, 'subtype': 'mediumFlexible177', 'caption': None, 'credit': None, 'type': 'image', 'url': 'images/2020/02/04/opinion/04leonhardt-newsletter/04leonhardt-newsletter-mediumFlexible177.jpg', 'height': 118, 'width': 177, 'legacy': {}, 'subType': 'mediumFlexible177', 'crop_name': 'mediumFlexible177'}, {'rank': 0, 'subtype': 'videoSmall', 'caption': None, 'credit': None, 'type': 'image', 'url': 'images/2020/02/04/opinion/04leonhardt-newsletter/04leonhardt-newsletter-videoSmall.jpg', 'height': 281, 'width': 500, 'legacy': {}, 'subType': 'videoSmall', 'crop_name': 'videoSmall'}, {'rank': 0, 'subtype': 'videoHpMedium', 'caption': None, 'credit': None, 'type': 'image', 'url': 'images/2020/02/04/opinion/04leonhardt-newsletter/04leonhardt-newsletter-videoHpMedium.jpg', 'height': 211, 'width': 375, 'legacy': {}, 'subType': 'videoHpMedium', 'crop_name': 'videoHpMedium'}, {'rank': 0, 'subtype': 'videoSixteenByNine600', 'caption': None, 'credit': None, 'type': 'image', 'url': 'images/2020/02/04/opinion/04leonhardt-newsletter/04leonhardt-newsletter-videoSixteenByNine600.jpg', 'height': 338, 'width': 600, 'legacy': {}, 'subType': 'videoSixteenByNine600', 'crop_name': 'videoSixteenByNine600'}, {'rank': 0, 'subtype': 'videoSixteenByNine540', 'caption': None, 'credit': None, 'type': 'image', 'url': 'images/2020/02/04/opinion/04leonhardt-newsletter/04leonhardt-newsletter-videoSixteenByNine540.jpg', 'height': 304, 'width': 540, 'legacy': {}, 'subType': 'videoSixteenByNine540', 'crop_name': 'videoSixteenByNine540'}, {'rank': 0, 'subtype': 'videoSixteenByNine495', 'caption': None, 'credit': None, 'type': 'image', 'url': 'images/2020/02/04/opinion/04leonhardt-newsletter/04leonhardt-newsletter-videoSixteenByNine495.jpg', 'height': 278, 'width': 495, 'legacy': {}, 'subType': 'videoSixteenByNine495', 'crop_name': 'videoSixteenByNine495'}, {'rank': 0, 'subtype': 'videoSixteenByNine390', 'caption': None, 'credit': None, 'type': 'image', 'url': 'images/2020/02/04/opinion/04leonhardt-newsletter/04leonhardt-newsletter-videoSixteenByNine390.jpg', 'height': 219, 'width': 390, 'legacy': {}, 'subType': 'videoSixteenByNine390', 'crop_name': 'videoSixteenByNine390'}, {'rank': 0, 'subtype': 'videoSixteenByNine1050', 'caption': None, 'credit': None, 'type': 'image', 'url': 'images/2020/02/04/opinion/04leonhardt-newsletter/04leonhardt-newsletter-videoSixteenByNine1050.jpg', 'height': 591, 'width': 1050, 'legacy': {}, 'subType': 'videoSixteenByNine1050', 'crop_name': 'videoSixteenByNine1050'}, {'rank': 0, 'subtype': 'videoSixteenByNine480', 'caption': None, 'credit': None, 'type': 'image', 'url': 'images/2020/02/04/opinion/04leonhardt-newsletter/04leonhardt-newsletter-videoSixteenByNine480.jpg', 'height': 270, 'width': 480, 'legacy': {}, 'subType': 'videoSixteenByNine480', 'crop_name': 'videoSixteenByNine480'}, {'rank': 0, 'subtype': 'videoSixteenByNine310', 'caption': None, 'credit': None, 'type': 'image', 'url': 'images/2020/02/04/opinion/04leonhardt-newsletter/04leonhardt-newsletter-videoSixteenByNine310.jpg', 'height': 174, 'width': 310, 'legacy': {}, 'subType': 'videoSixteenByNine310', 'crop_name': 'videoSixteenByNine310'}, {'rank': 0, 'subtype': 'videoSixteenByNine225', 'caption': None, 'credit': None, 'type': 'image', 'url': 'images/2020/02/04/opinion/04leonhardt-newsletter/04leonhardt-newsletter-videoSixteenByNine225.jpg', 'height': 126, 'width': 225, 'legacy': {}, 'subType': 'videoSixteenByNine225', 'crop_name': 'videoSixteenByNine225'}, {'rank': 0, 'subtype': 'videoSixteenByNine96', 'caption': None, 'credit': None, 'type': 'image', 'url': 'images/2020/02/04/opinion/04leonhardt-newsletter/04leonhardt-newsletter-videoSixteenByNine96.jpg', 'height': 54, 'width': 96, 'legacy': {}, 'subType': 'videoSixteenByNine96', 'crop_name': 'videoSixteenByNine96'}, {'rank': 0, 'subtype': 'videoSixteenByNine3000', 'caption': None, 'credit': None, 'type': 'image', 'url': 'images/2020/02/04/opinion/04leonhardt-newsletter/04leonhardt-newsletter-videoSixteenByNine3000.jpg', 'height': 1688, 'width': 3000, 'legacy': {}, 'subType': 'videoSixteenByNine3000', 'crop_name': 'videoSixteenByNine3000'}, {'rank': 0, 'subtype': 'videoSixteenByNine768', 'caption': None, 'credit': None, 'type': 'image', 'url': 'images/2020/02/04/opinion/04leonhardt-newsletter/04leonhardt-newsletter-videoSixteenByNine768.jpg', 'height': 432, 'width': 768, 'legacy': {}, 'subType': 'videoSixteenByNine768', 'crop_name': 'videoSixteenByNine768'}, {'rank': 0, 'subtype': 'videoSixteenByNine150', 'caption': None, 'credit': None, 'type': 'image', 'url': 'images/2020/02/04/opinion/04leonhardt-newsletter/04leonhardt-newsletter-videoSixteenByNine150.jpg', 'height': 84, 'width': 150, 'legacy': {}, 'subType': 'videoSixteenByNine150', 'crop_name': 'videoSixteenByNine150'}, {'rank': 0, 'subtype': 'videoSixteenByNineJumbo1600', 'caption': None, 'credit': None, 'type': 'image', 'url': 'images/2020/02/04/opinion/04leonhardt-newsletter/04leonhardt-newsletter-videoSixteenByNineJumbo1600.jpg', 'height': 900, 'width': 1600, 'legacy': {}, 'subType': 'videoSixteenByNineJumbo1600', 'crop_name': 'videoSixteenByNineJumbo1600'}, {'rank': 0, 'subtype': 'miniMoth', 'caption': None, 'credit': None, 'type': 'image', 'url': 'images/2020/02/04/opinion/04leonhardt-newsletter/04leonhardt-newsletter-miniMoth.jpg', 'height': 70, 'width': 151, 'legacy': {}, 'subType': 'miniMoth', 'crop_name': 'miniMoth'}, {'rank': 0, 'subtype': 'windowsTile336H', 'caption': None, 'credit': None, 'type': 'image', 'url': 'images/2020/02/04/opinion/04leonhardt-newsletter/04leonhardt-newsletter-windowsTile336H.jpg', 'height': 336, 'width': 694, 'legacy': {}, 'subType': 'windowsTile336H', 'crop_name': 'windowsTile336H'}, {'rank': 0, 'subtype': 'videoFifteenBySeven1305', 'caption': None, 'credit': None, 'type': 'image', 'url': 'images/2020/02/04/opinion/04leonhardt-newsletter/04leonhardt-newsletter-videoFifteenBySeven1305.jpg', 'height': 609, 'width': 1305, 'legacy': {}, 'subType': 'videoFifteenBySeven1305', 'crop_name': 'videoFifteenBySeven1305'}, {'rank': 0, 'subtype': 'videoFifteenBySeven2610', 'caption': None, 'credit': None, 'type': 'image', 'url': 'images/2020/02/04/opinion/04leonhardt-newsletter/04leonhardt-newsletter-videoFifteenBySeven2610.jpg', 'height': 1218, 'width': 2610, 'legacy': {}, 'subType': 'videoFifteenBySeven2610', 'crop_name': 'videoFifteenBySeven2610'}, {'rank': 0, 'subtype': 'facebookJumbo', 'caption': None, 'credit': None, 'type': 'image', 'url': 'images/2020/02/04/opinion/04leonhardt-newsletter/04leonhardt-newsletter-facebookJumbo.jpg', 'height': 550, 'width': 1050, 'legacy': {}, 'subType': 'facebookJumbo', 'crop_name': 'facebookJumbo'}, {'rank': 0, 'subtype': 'watch308', 'caption': None, 'credit': None, 'type': 'image', 'url': 'images/2020/02/04/opinion/04leonhardt-newsletter/04leonhardt-newsletter-watch308.jpg', 'height': 348, 'width': 312, 'legacy': {}, 'subType': 'watch308', 'crop_name': 'watch308'}, {'rank': 0, 'subtype': 'watch268', 'caption': None, 'credit': None, 'type': 'image', 'url': 'images/2020/02/04/opinion/04leonhardt-newsletter/04leonhardt-newsletter-watch268.jpg', 'height': 303, 'width': 272, 'legacy': {}, 'subType': 'watch268', 'crop_name': 'watch268'}, {'rank': 0, 'subtype': 'verticalTwoByThree735', 'caption': None, 'credit': None, 'type': 'image', 'url': 'images/2020/02/04/opinion/04leonhardt-newsletter/04leonhardt-newsletter-verticalTwoByThree735.jpg', 'height': 1103, 'width': 735, 'legacy': {}, 'subType': 'verticalTwoByThree735', 'crop_name': 'verticalTwoByThree735'}, {'rank': 0, 'subtype': 'mobileMasterAt3x', 'caption': None, 'credit': None, 'type': 'image', 'url': 'images/2020/02/04/opinion/04leonhardt-newsletter/04leonhardt-newsletter-mobileMasterAt3x.jpg', 'height': 1200, 'width': 1800, 'legacy': {}, 'subType': 'mobileMasterAt3x', 'crop_name': 'mobileMasterAt3x'}]","[{'name': 'subject', 'value': 'Presidential Election of 2020', 'rank': 1, 'major': 'N'}, {'name': 'subject', 'value': 'Primaries and Caucuses', 'rank': 2, 'major': 'N'}, {'name': 'subject', 'value': 'United States Politics and Government', 'rank': 3, 'major': 'N'}, {'name': 'subject', 'value': 'Black People', 'rank': 4, 'major': 'N'}, {'name': 'subject', 'value': 'Minorities', 'rank': 5, 'major': 'N'}, {'name': 'subject', 'value': 'Hispanic-Americans', 'rank': 6, 'major': 'N'}, {'name': 'subject', 'value': 'Voting and Voters', 'rank': 7, 'major': 'N'}, {'name': 'organizations', 'value': 'Democratic Party', 'rank': 8, 'major': 'N'}, {'name': 'glocations', 'value': 'Iowa', 'rank': 9, 'major': 'N'}, {'name': 'subject', 'value': 'Whites', 'rank': 10, 'major': 'N'}]",2020-02-04T14:28:02+0000,article,OpEd,Opinion,,Op-Ed,nyt://article/6c8aad74-85cf-52d1-a35e-b6c428db50ca,758,nyt://article/6c8aad74-85cf-52d1-a35e-b6c428db50ca,"Goodbye, Iowa",,,,,,,By David Leonhardt,"[{'firstname': 'David', 'middlename': None, 'lastname': 'Leonhardt', 'qualifier': None, 'title': None, 'role': 'reported', 'organization': '', 'rank': 1}]",
